sample_name,PC1_hat,PC2_hat,PC3_hat,PC4_hat,PC5_hat,PC6_hat,PC7_hat,PC8_hat,PC9_hat,PC10_hat
1094261,-0.609133004301432,-0.8416833659920367,0.38454214797838593,0.6603307148009656,1.0365904459047584,0.5542807607372023,-0.4615263479971361,0.572043498957731,0.5801086927315527,-0.01023888122809212
1808036,1.1415621023817326,-0.7111572426434853,-0.7537759815599533,-0.24831848150046165,0.6747776665627627,0.0714989853119078,-0.19446500324857985,0.11904267867439099,-0.022762860627807323,-0.10115233773920419
3009959,0.0740811922636743,-0.9979230549197206,-1.1856836299316542,0.03751987289731907,0.47380300306865875,-0.010835939102528662,-0.3855307065729378,0.5267375244856078,0.1485271931203029,0.13855198777518601
2440813,-1.2395774715625973,-0.6830711877466478,0.04179684076154381,0.6293449354768262,0.4836233386692324,0.3364637536416028,-0.21744256861828112,0.6505399562703834,0.8707843217615518,0.03162465583240026
2666944,-1.425392239109408,-1.193872316480556,0.03517884527439937,0.1692386885294642,0.38000621359807335,0.0778583861305393,-0.21408074172495425,0.42710068482001834,0.2118385461597471,0.025513834324337504
3000691,0.3260889217878812,-0.19512105638172297,-0.40962604438169226,-0.06184335577764622,0.7111195674053974,-0.5915512812174646,0.08104995840479394,0.19172452711607382,0.5569653665895338,0.42635855006135936
4256488,-0.16592790684124553,-0.3940246442245699,-1.003286067933982,0.17815140923372622,0.5299644615228135,-0.31470157993635667,-0.17541197048403112,0.6423122658032835,0.9674687679282674,0.4926640090172154
4620850,-0.8786159985481118,0.4276669742009423,-0.34417259639813264,0.3921486595476904,1.0618066425029844,0.3936774129108342,-0.3204924343866602,0.5265969756573592,0.32527623905930136,0.09542777467350964
5291497,0.03781875271536243,-0.846850054271803,-0.1944834210189253,-0.07638019567244146,0.20537695456020688,0.12677867797025796,-0.26665138997882737,0.675701090818641,0.43875037929589494,0.004231276899397812
4077241,0.266203260302124,-0.6383012483224291,-1.2592645994734526,0.07300086330414793,0.8090757426271395,0.03163376377929288,-0.07392654932786742,0.6021229291920771,0.8039974508358532,0.35921337732783964
5704887,-0.3413620666265123,0.3341301003158086,-0.8158237654138804,0.322872271558544,0.816940575180809,0.1502566185133682,-0.24582037211727362,0.7644683942370896,0.6389317438079246,0.3347621473410199
1305207,-1.3895712340588686,-0.3546151404653887,-1.044760693387057,0.12753864649036817,1.311213389985563,-0.06646013632267636,-0.23837586521781007,0.5386122749519399,0.7494001861024563,-0.0814732132972071
2456037,0.11958717980557389,-0.4334656930116754,-0.06127960156648633,0.21587664185743055,0.38192984041038547,0.31055207573599525,-0.3811891357192996,0.09691034580233665,0.3791838345330268,0.3169438857207083
3529654,0.2677442960148039,-1.646789382096762,-0.10972812973266549,0.1921351032156394,0.51489170801705,0.7364938634278337,-0.17178852297371083,0.0020822974228792562,-0.2216854025146213,-0.12986803127950025
5703358,-0.024557228956775437,-0.264838516811836,0.3030229833278038,0.004372648866976931,0.49855367083159063,0.22260572001523962,-0.09363671772446139,0.6055214639907954,0.6946388917257422,0.28158887079768746
2206386,0.20942363813235565,-1.1828137732447621,-0.16731553537765145,0.5015427327672537,0.37869434952793896,0.33752674236177255,-0.1720663621619749,0.2953132283909118,0.34486427451239465,0.022880992432881542
2697637,-1.0935603003326253,-0.35581882458603176,-1.3635488190650689,0.4603083055033063,1.175936210902966,-0.08348055134456081,-0.398592015011468,0.7687546092371139,0.28233852416634614,0.021580062738296015
3363218,-0.5277487501668707,-0.5812833342611071,0.15510556102733883,0.37764671054155435,0.7514547378702595,0.44575861290738705,-0.19398062799248567,0.48168349501426994,0.6539450479888447,0.2436570308677914
5073834,0.15491462715693496,-0.6981953665359396,0.2400976742419126,0.24197684025740174,0.7113387069300118,0.6713465662722878,-0.21618355797871844,0.10024983962418904,0.3682337040367385,-0.09402938499551731
5894916,0.7372591406567431,-0.9520282210435943,-1.3807246076112427,0.3281007690858856,1.0865929823219094,-0.2067882605595473,-0.4069499951413498,0.4583208656029631,0.5274049251850486,-0.027643070590307274
2380236,-0.324287274430073,-0.3828775083644954,-1.3212498215315347,0.4698367019673089,1.3159136979909185,-0.44747309655661205,-0.1364070320923685,0.6524484419244657,0.7448718887007427,-0.04175764961139274
2898670,0.7134602689135839,-0.6657531938440255,-0.5297416636253786,0.12485087558779166,0.691068230109135,0.041959933654622694,-0.1029341707950215,0.445616094641135,0.49834819900449806,0.16847244878286743
5849001,-0.2874361331655394,-0.3256823750646507,-1.7952620932147523,0.2664165338744679,1.2657233790562719,-0.01592064984809988,-0.4272653102173079,0.8830413194012952,0.6727670662705667,0.045280907177664
1717184,-1.792419911977806,-0.34166954922789566,-0.43598800447045694,0.9652400814113916,0.9907579585768597,0.27790652079492195,-0.48842586295265356,0.6700723409007829,0.40491302542686797,0.12017525111104033
5182607,-1.0227536024266877,-0.26108786298494757,-1.6153141182359234,0.10556206011740867,0.44320417912869414,-0.3924355620083858,-0.30623790639370824,0.5512694656420846,-0.11076441111371306,0.180453088763829
5329657,-0.3083391905725986,-1.370678544876688,0.2683177818701087,0.6999983805507917,0.9754350136376408,0.5581117681680066,-0.19705790168642046,0.5737530807941885,0.8516395984063498,0.24730932252034032
1062665,0.6782820767239047,0.30945597794534035,-1.2242820912918757,0.028585972213834805,0.9005156445447322,-0.04092979129336059,-0.3933130689343492,0.6500763734302484,0.46166273313425327,-0.02222433009036272
1098272,-1.2270647854008614,-0.3308986086088712,-0.3138933285190763,0.3411271689356062,1.1304124058455276,0.07901102509023852,-0.30622633027005713,0.7356311119598296,0.6622238163302204,0.13265221421520415
1238216,0.007565163725946631,-1.0589238852517089,0.22637526012099068,0.8073011343535914,1.127741511437378,0.11481773772661291,-0.17056971543140612,0.37782773631574634,0.674795559038035,0.16573884163938127
1399159,-0.6343746443141743,-1.0586002448387766,1.0563474398039747,0.6000298125329908,0.3299280269136682,0.44170720402868163,-0.15958700846385157,0.13090856439613666,0.423476196740905,0.20158530028222035
2004841,0.13977968527313125,-0.6313320260374427,-0.5248943373880444,-0.13662453113182946,0.7427584380793458,-0.16763247264480335,-0.2602474122971402,0.7085303434046811,0.28400256413550545,0.21958974202885503
2477070,-0.6503004254691701,-0.9631561452937154,0.4986303733499553,0.5455294399495397,1.1562020481701023,0.3872270516762832,-0.2609908033630052,0.5520447618659908,0.6688744811833882,0.11894254717927613
2242370,-0.6074713709779287,-0.2928390216714204,-1.1078200866462273,0.6999146795420056,0.7112553830353121,-0.1388084150820497,-0.16528078013310504,0.9025311723650811,0.7682501241399586,0.0752518506732772
1454718,-1.4342873075884541,-0.06231155304302927,-0.3549020853053322,0.28481408700261296,1.2712023578030416,0.22095720700347618,-0.42668052736009315,0.6141664061060231,0.4313778311835714,-0.028023467904264705
5197910,-0.44059754390649286,-0.6876312740683921,-0.11224492225180988,0.18416657655450516,0.55783470043216,0.192115507144417,-0.18375466519907369,0.5272245330508358,0.5949728988185786,0.13500129583366033
5882131,-0.3017085218682433,-0.853000366038043,0.38485008869635207,0.8201420560637751,0.7155449654021275,0.29794063122139364,-0.12391214993098303,0.2808111006929722,0.24840207876723183,0.06173533368955175
1324481,0.5729941865692502,-1.0299886348154887,0.21132085418769733,-0.0019318703166764316,0.2215570251319484,0.6018999226486655,-0.20537282463217424,0.3247924884830786,0.2555164005143314,-0.02657732737190435
1711931,0.1634883598750919,-1.0294063276405936,-0.6610352099845097,0.17172995899780455,0.35483994061747,0.11310983339398369,-0.011043311548826958,0.10745619771799705,0.3606098012016137,0.23561444340938653
4333272,-1.063497401369076,-0.020888889956675028,-0.7552934717017699,0.8419116990008967,0.879798182895963,-0.32427488081964634,-0.3456417176999457,0.6858692648452553,0.8260122168617516,0.21545983429834104
5059925,-1.767500056754858,0.36829093962277326,-0.7986442965803648,0.39679853026868644,0.8850630994232408,0.13315624278108096,-0.14436626456132007,0.6388192783147496,0.2580542566263972,-0.05628923588176093
5490211,-0.39466145934790064,0.007427232485839246,-1.347696178312394,-0.038157228544691835,0.71249408208402,-0.025588486354227696,-0.4742968445522903,0.8348289178802358,0.39532312228173594,0.07618547999654372
2302588,0.4296750341207749,-1.1416294508939924,0.39686806428472005,0.08711215688650885,0.2429000639701387,0.45059251348386425,-0.131631803101421,0.5213623975623204,0.2391806190468368,-0.015063954452669458
4742583,-0.10500735138102253,-0.5781627967395061,-1.1519716017057953,0.4920412395644624,0.9886193977427384,-0.32750105497949267,-0.03327635981443076,0.4152289922077126,0.6331653075718381,0.46201642147708727
5491357,-1.9917373090308976,0.042168436096017496,-1.2120313784167434,0.5709313433533051,1.411637566549124,-0.6953171011958003,-0.04673147596401135,0.9563664954946267,0.6409801634725316,0.17189173241255862
3409115,0.011195634594536836,-1.0486998749226852,1.2487099831628505,0.5963356320303389,0.648450234276472,0.43473149076639395,-0.0026102732767329263,0.22833138751021845,0.3346792066889753,0.23392869844210798
3628943,0.35927187545245826,-0.5691023916588809,-0.07410769407076795,0.004486067555229218,0.3435803055432454,0.3002424970099811,-0.35715202147448877,0.650540633288377,0.36118673605113844,-0.1780171516259015
4204603,-0.6774955258284899,-0.6067444792836348,-0.2432315178982442,0.6813702531668386,1.0202267458834653,0.36586596939608396,-0.36008401804375134,0.553765669707556,0.5882359685587644,0.047420016610198616
4329707,-0.367022886864115,-0.27474842457189486,-1.4567171396323582,0.2832430795349408,1.1913288981035997,-0.03061918562291949,-0.14873470480533435,0.6578742267270776,0.6986234783965131,0.1415491675202832
2509068,-0.947006025821622,-0.06282136522684971,-0.6950975860851044,0.4967272115246642,1.851913208796973,-0.16190342923798864,0.2143199709469401,0.4286874677067657,1.0666123363299085,0.10259741739875607
5602258,-0.5162448757403658,-0.7723075781200891,-0.2164991621968937,-0.02444599630290094,0.45965504178130023,0.6131681998657416,-0.11033450440320404,0.5511934539850142,0.2720679292773091,0.004710841236570365
1760738,0.07628956680160183,-0.10439780804678754,-0.3378676383629799,-0.12068963177378071,0.1739980384157939,0.2216022170082484,-0.12591943729610608,0.08513778142466781,0.11722198282493118,-0.10767265666336073
1924594,-0.6566017183922496,0.07985777915729933,-1.2475162733104976,0.10400691649654636,1.0828683892245787,-0.47059627522537095,-0.1572336815210072,0.9275193001566411,0.6817379445661593,-0.023119250250280887
5947945,-2.115794555352448,-0.9705928451521533,-0.9075929377156146,0.5304088886373755,0.9240157925334626,0.09708494612582774,-0.3070094364389399,0.6189696685076207,0.3541424569539445,-0.039928852177924475
1679393,-0.19932834606654937,-1.152171936766265,0.6247483763376844,0.610566542460661,0.4282791080967824,0.5107012796146562,-0.17451237176759427,-0.05323214789921238,0.293203131818606,0.16595478714160217
2948422,0.5180981885346035,-0.12329036436852205,-0.8479896224632969,0.20789114103976258,0.8919611382323577,-0.099604130648302,-0.2966432751954871,0.7130432213303561,0.16940183713926926,0.033606770150440696
5052433,-1.3035855337598525,-0.7111996788978794,-0.8213828181955773,0.2839002862103772,0.49089033225948203,0.33686818068381075,-0.3450754604715678,0.8394525712899992,0.34345919375527983,0.15443270628565836
6018622,-0.49275252394126806,-0.2917354012366853,0.12252599716846814,0.2527364268842667,0.4286074366298276,0.4899293105755347,-0.2147243131403124,0.42391502815179244,0.562286278252728,0.15280975930912333
3385686,-0.6108639657423425,0.477378089782293,-1.5495463873949382,0.32668288756817915,0.711326112374383,-0.37911824067249983,-0.16383708176594966,0.7261926427620593,0.7311604647638817,-0.04189024096793425
4087808,-0.9265264416254421,-0.367723577184866,-0.2432918722429579,0.36298619411377897,0.4628229325011276,0.6755627528593047,-0.48202958975161714,0.33397099168880684,0.566072083850327,0.16399030540217185
5744329,0.3437750459942544,-0.28496628038310173,-0.4853456119123055,-0.10445206141277748,0.6307064552549673,-0.24757730108314865,-0.124058538638131,0.572013909415557,0.9587396579925743,0.32442053450874736
5936901,-1.898797459387866,-0.52026265976721,0.09172887555369433,0.18112425815996494,1.1059770249637826,0.1394925121323322,-0.32602098799168444,0.6081726195337033,-0.0021817448358558496,-0.10744089293869072
2426947,-1.3455668163373182,-0.0414495469167112,0.1725591244116696,0.23587094834894878,0.834581612319636,0.19958842724669337,-0.2685701726373525,0.40215081004879916,0.17477227686431587,-0.008990342828526563
3353576,-1.1312255808642355,-0.25701741030849445,-0.5397395693730844,0.6130527318099738,1.1281838760950411,-0.018726539522206667,-0.33538467798781196,0.5444819801282722,9.367663914020996e-05,0.019639060650048747
1721839,-0.3463072406354965,-0.9306228970969075,0.07897803855445107,0.34241625972812395,0.34091792822034805,0.6520964930542497,-0.19050323898045032,-0.0031757867508655263,0.5456505402188037,0.09955252475900016
2092373,-0.382310097081295,0.033549232109718594,-0.6344342188630132,0.04614695565252966,0.30551888822478285,0.30922814280271393,-0.12496326230120096,-0.06624588875430687,0.09320085442450382,0.16862260997542472
3896328,-0.12753669796793213,-0.28779976533593327,0.5186951112591496,-0.07917336026558068,0.2577941347848317,0.22753971205743379,-0.11650186183252632,0.36870140000145735,0.2834623285202246,0.30576027772289344
5108277,-1.1660665995008896,-0.43575820278285743,-0.13709411697387458,0.8346485431109106,0.5025932412742925,0.9630012353662717,-0.4296951303840566,0.10859258323034814,0.49189320319337765,0.07903892392685925
3218592,-0.6046855849828394,-0.6372523490477824,-0.12639775589607163,0.30074365900020356,0.38050530426348933,0.38660089256794766,-0.32291168343352084,0.1490245424323617,-0.03532120453468817,-0.3498451712163657
4428693,-1.4201363970236138,-0.1006417658557544,0.3031085044912702,0.4774341840914702,1.3366596559305357,0.1014356519977086,-0.1691407492727623,0.46327175577915225,1.071431548834178,-0.02642100198871763
2591423,-0.20011161330307112,-0.36929659406026855,-0.6492666437651344,0.30030868618515677,1.2974455511852598,0.008934287022824495,-0.31790688306463355,0.7546194014823696,0.964460013527096,0.2125042387645391
2760515,0.4169560646971279,-1.4809507871084913,0.21766912184580334,0.21905770947307923,0.4438789673269676,0.7765068515453402,-0.2844424297185255,-0.0063586243530541955,-0.11676049474275127,0.07155613677802758
4291874,-0.290730690737483,-0.5204922743576982,-1.0763102005927656,0.39599978557860616,0.8002725293335058,-0.06255840029931402,-0.2798256464542568,0.7447827940035852,0.14279774930713324,0.19145690269202623
5329955,0.9831084460433014,-1.0208213294754678,-0.275759639099306,-0.1377243508421904,0.49271660709104026,0.16631786478467794,-0.16968371404236804,0.4902455725731042,0.5633184496313649,0.01742060060015821
2201004,-1.2035511025049674,-0.9532651154515076,0.48033265867298497,0.3723390381826378,0.595269420447827,0.2873220036574196,-0.31289868022360773,0.3568091609540463,0.3869741599326025,0.198022622923495
4809651,-0.6329045258460346,-0.5190821473856527,-1.462867652298407,0.46123539366844757,1.2529276722205098,-0.5170980160399606,-0.37662560935584166,0.7801856827658094,0.5164994182871508,0.045130881608410715
5086220,-1.3511851957037389,-0.9253811458961276,-0.06712212704873102,0.3987775657475616,1.186009972146025,0.13935869400724035,-0.3607437139139082,0.6766124301402583,0.4561077854799837,0.006638467818490873
1031569,-1.3324042660038815,-0.5390309192759034,-1.6028836740563206,0.6808885899384646,1.222547718288801,-0.17044198692759716,-0.19470962846997503,0.7677597602410186,0.48903066350784535,0.12693400740016025
4637356,-1.9539410085523032,-0.11564912500734957,-0.41978343416359704,0.21909401064029646,0.563255249426571,0.08630640655446457,-0.23061535716293047,0.6257993416543871,0.4345578060036648,-0.06836167350440939
2606197,-1.497567766055429,-0.6463764667174923,-1.8405210316092984,0.6525846454371512,1.4441564368779953,-0.07688031840330574,-0.5012701953266913,0.4835312151014412,0.17152281421650906,0.13076303120939806
4960858,0.6051607609559332,-0.7313520963033561,0.40519531226864475,0.05668100165799706,0.4533972563740862,0.7459256307410723,-0.2587689154602226,0.060787761688865016,0.6328842740164038,0.13396423461171433
2458768,-0.48578573134132197,-0.24634195982632012,0.19045005705179713,0.13797892584310603,1.086307520794295,0.049996347443169595,-0.3111357604130382,0.5891380563169519,0.33347731569070116,-0.13537012022890635
3476121,-1.3404409145810399,0.3079780601025349,-0.3281922399549137,0.4234680381275079,0.9642296424985225,-0.03556088865230376,-0.03744350617632756,0.5872928026446483,0.44493767898152337,0.02850722471958944
3970309,-1.502369172066318,-0.3474966889571616,-0.1752307614887537,0.8287056885538214,0.6712207386054436,0.057265443809270324,-0.09003448288628063,0.644963551194944,0.8280191920828074,0.23985330153790155
4553569,-0.9726441549039341,-0.58155195153149,-0.5889975474827805,-0.14263803563766905,0.5169139865117666,0.29843229587297543,-0.11550566032679654,0.10743474103695753,0.38435649142681066,0.12521631467923874
2745627,-0.33524496103250206,-0.46448048185961494,-1.420346270178381,0.4183731331981111,0.9214290867834172,-0.06287398957424518,-0.3975505840554813,0.5139083610398225,0.08510288569474712,0.016663657341606384
3301051,0.9697181442089442,-0.9412461290431808,-0.8321097271277812,-0.09335498957091846,0.2864867718792015,0.4175414784446947,0.05466679991628364,0.4848825905100252,0.60283728318235,0.2405982259472251
3818860,1.055203312550866,-0.8024278412693022,-0.7036686891187736,0.013986041883040234,0.36561796246015094,0.04419247673023973,-0.24555794703096176,0.6115360401349149,0.3300091911055783,0.035087300094920754
4821725,-0.3132246047333036,-0.6317799730989425,0.5262783929853553,0.22572589013411595,0.7295992839118851,0.16085766154334266,-0.18131047611789705,0.6157273238864538,0.5385846690995041,-0.09374534398296624
5268599,-1.4498646604162084,-0.20309496013107986,-1.4431503542294253,0.8999326799093,1.3905109449691024,-0.20378378715472154,-0.28507990781429626,0.8499815745807145,0.6677527625263022,0.07878895094189238
4440905,-1.615333170561535,0.3422407637744525,-0.5376547170642966,0.7107067908687035,1.157476808943578,0.05771403316672764,-0.20691338562337383,0.5840742283921015,0.7825567177226379,-0.10701159184693985
1093843,-0.005790645951417289,-0.8706408094686773,-0.3903527031776797,0.29994194773272315,0.7878243486758527,0.14364467092280725,-0.2593725288565673,0.6565100348333093,0.6459383559112908,0.19128525014193387
4046993,0.4141979922339863,-0.9834365759905992,-0.021431172491541466,0.09406359937954473,0.39326238757417814,0.40104085844790804,-0.1441286805190767,0.2817269743372121,0.19164230574619737,0.05246894638341717
4508200,-0.10853949626688636,-0.2996856320089055,0.26444647207196376,0.18103760163758056,0.786435318248484,0.1862777294431412,-0.262817195720231,0.5420030985461926,0.27342826533374437,0.10628339987569825
5041657,-0.7849597427031868,-0.6990539350054742,-0.5469674199839669,0.41797870209774374,1.1328560470327946,0.1846410217530464,-0.36076380408418735,0.6133057678175214,0.4213682180776903,0.018202852638519427
1280610,-2.71687219979478,-0.20032753916293228,-0.12807677615973512,0.5408475056422156,1.6687676855721094,-0.06359868437546477,-0.09223592502501544,0.7224899731394808,0.7541312482079525,-0.11646523535259384
4224033,-0.41469429309087197,-0.8655007966920993,0.34062112779810894,-0.028385876001825447,0.3408250999648564,0.5508589413933084,-0.2952623373609952,0.2117898144727341,0.4019126188030155,-0.08177071452139062
5136937,-0.02490015938828469,-0.05921298431534615,-0.6933803057274003,-0.003785760299833827,0.6017198566425245,0.36459705783529844,-0.3901691706235528,0.5879550415783914,0.6842544458324866,0.18452753194445215
2251695,0.3506532665412869,-1.1496996960784716,-0.1301015061707778,0.033260700507779385,0.47195306701269707,0.7817869045341127,-0.3408282582529619,0.4851863693967597,0.5132542833054106,-0.09099258675584554
2439249,-0.6235551324919509,-0.9766071769668632,-0.0126593761228553,0.3535913936885175,1.0641595928194318,0.18823665464791123,-0.39407372022130444,0.7719829716782859,0.6230692687615302,-0.07456172627342234
3310765,-0.5115870397678579,-1.0116018011900472,0.7381383948601791,0.34694854330736424,0.3822595846153256,0.4348202574928543,-0.2833687778239414,0.227651605011101,0.09512772554830896,-0.037363773265180006
3576208,0.26598183931335934,-1.3327515716101588,0.46434368066059656,0.14304358451148985,0.4909709080098878,0.5311002396683748,-0.28758483278264946,0.3295009792965826,0.28384457458770646,0.020485593548527373
4131274,-0.3577433634898157,0.161955661527687,0.3353598462371045,0.29234904288121094,0.7590102637117838,-0.05272283642954565,-0.07543036588523942,0.5795546652585104,0.8494449801900592,0.14988599082599668
4291964,0.1396041977607549,-0.49044075940484494,-0.26650633395196904,-0.003635644324009939,0.260133788460532,0.019527432075116872,-0.1717084694114692,0.358754218500389,0.5607534008401981,-0.06397058826913145
4727154,-0.11652975718142201,-0.6472167495698576,-0.5549034614827386,-0.13882026764898808,0.3959813634433648,0.2804551974599333,-0.1919650015421931,0.6255877906199674,0.7768552833567968,0.09229936434983123
1610918,-0.12484160811405194,-0.6417802681651694,-1.0479071406888016,0.2872799660544445,0.7514791715588749,-0.13815476283360675,-0.21868552098739757,0.6014214077126192,0.32918979764520173,-0.032629515780707004
3163975,0.40184740809510366,-0.6175720390071114,-0.13088745737520857,0.22852246999843454,0.6779140437236915,-0.06079547171335135,-0.12722840402469868,0.6536464697634052,0.6685984440919881,0.34090369872741333
3777847,-1.2926748796760466,-0.4975375413339747,-0.3537557275680471,0.7399490365625229,1.2801022471623706,0.27226758743693974,-0.20470340774589066,0.6370518025343986,0.4479856357575423,0.04750239689057458
2756239,-0.9484563064554743,-0.18271340981105338,-0.3174969679230239,-0.03912785489319147,0.38843421096485736,0.2574182474816066,-0.34250599374683033,0.5484569322092941,0.5843446266179658,-0.02340938929011326
4639317,-0.2588384573810835,-0.5657987522142354,0.3063309006240535,0.473511611429927,0.3383381420543557,0.6819496550195814,-0.14176638337523628,0.2876485213727315,0.4071368307045041,0.07708239197724186
5885791,-1.2329920469509876,-0.08547951611592049,-1.0008783989346284,0.39980001931969883,1.1479756335016846,0.541621568777018,-0.3223832538560136,0.9133557836565354,0.8355184912808606,0.11110390227104816
1992736,-2.96990757165559,-0.22690017165596596,-1.564566112603563,0.8094805038149592,1.1992743043001457,-0.24710281300643108,-0.10246692265106315,0.3541196527202236,-0.1359251622552004,0.30676491862683625
2468536,-0.30320279116550697,-0.7556528055298855,0.8439687414653725,0.6587200352031785,0.4189430332530893,0.7419380773939371,-0.2913341853435979,0.18697241094959877,0.9392130454616754,0.23291213020312962
2993706,0.07375248742274658,-0.7820365088888631,-1.207542441482366,0.12525080390924426,0.5660968476454019,-0.21219389398481853,-0.29029906021859647,0.38738926676637175,0.09214563319113322,0.0846291622587836
4530941,0.04517289251467167,-0.942296876142887,0.5361359242482838,0.6097343036183605,0.5687831095333545,0.46193335224674514,-0.25955649181739765,-0.15287593309173,-0.018243150683359594,-0.044602745403995066
5175681,-0.7973757521169962,-0.5051229146567967,-0.5662970180965545,0.17698351722039354,0.555363668333618,-0.24130779321192986,-0.26427543896831296,0.5134783849165325,0.16860837512389948,0.13529315638853887
2514573,-0.5565050696613034,-0.0011704150737089202,-1.0893381102743291,0.3023413666216258,0.92918102316311,-0.26479571613750885,-0.2559702478868463,0.8215663661720454,1.1700979510569969,0.33293605900250106
3000610,-0.03530305296513164,-0.10756457908081372,-0.8413013230083307,0.3443049157701159,0.45710289537458276,-0.03836409753284425,-0.19711192002592248,0.2943511233380404,0.3762608530399716,0.10223234139411694
4033847,-0.9331664251935482,-0.8068700184715183,0.015514143520056516,0.4099723429334231,0.9746638068474084,0.5085224712737154,-0.38712649717910613,0.35509913670814053,0.29637588418961197,0.2370056814736338
4464144,0.03210650091697409,-0.19310690765372987,-1.8056415105931236,-0.045815063444133275,0.6850036669527727,-0.05051390836202652,-0.2187366765764094,0.780842070777973,0.43542122715361237,0.10594797371077515
2693378,-0.1570257793574591,0.17850633453770107,0.4077440155740979,0.25562173671022026,0.6706752588843269,0.2582808447740522,-0.16901967244806346,0.5532261579742416,0.38779396199456684,-0.06514702038333212
3831280,-1.693165848818183,-0.4761771862916047,-0.47493910241122356,0.32270340389948465,0.8538233883407245,0.26815107167631835,-0.2333983249275184,0.6675601834950002,0.23812543945764678,0.05850477033163743
4809338,-1.5004470035663007,-0.39890973345771646,-0.7286957797495812,0.46692365872466707,0.8474898831286081,-0.15471484397050564,-0.106567402675949,0.43194900338537034,0.7360863669953932,0.13632824426640902
1829388,-1.6389861986820569,-0.5321629163512667,-0.31180026489211493,0.7694079671270978,1.1688203764929719,0.2407277748100463,-0.3698971457520839,0.41467811609949934,0.03167392762888857,-0.16915042323071688
2757988,-0.6914630558082204,0.2164323991921198,-0.6965225205901301,0.44201045311664433,1.3452559937230348,-0.011950981848750233,-0.1816184854309843,0.7484594700591877,0.9175495352547083,-0.014517989875249606
3873173,-0.47553909017750756,-0.32680927230882856,1.328082984169062,0.437639189952194,0.7813785468780647,0.3824312908309848,-0.00480455662546319,0.21994533796670737,0.6805044315669088,0.11148198209735992
4208283,-0.7437181118405175,-0.39092172155161803,-0.22098184996463507,0.27614094873938877,1.3814924411020242,0.23852144178589257,-0.22467803282007273,0.6718646977366154,0.6870873495355935,0.16309044535724154
4300380,0.16899247331770206,0.03564973857556627,-0.4981799184268967,0.16316642434076756,1.101352574250244,-0.2905779103387818,-0.09387989989470338,0.5934944766496528,0.4237343175872406,0.2643033708890645
5191309,-0.6665318025522814,-1.159071004315878,-0.05834029081577661,0.6920044704513257,0.9725176958938384,0.1628656714814677,-0.3554237275105123,0.7175546652454642,0.5183255631518101,-0.1182247056090199
5780724,0.36427939765948497,0.11364843087504542,-0.5982829572475064,0.19168602004928514,0.7834337701440967,-0.37254038528784006,-0.07385136883341048,0.2168123523355395,0.6052199140374914,0.1507694442149565
1505056,0.13606813617294355,-0.44730793572289324,-0.5968065561380248,0.4630730461677567,0.5698778365876549,0.056214984084000705,-0.08337170208154081,0.7014661773093389,0.7887190726437672,0.2182086794680234
2823594,-0.15597596619829512,-0.12680495509540848,0.18459269952182303,0.25925053620868727,0.7385644526656155,0.13223265523746852,-0.11247787468325128,0.6070351262802306,0.7594826543774764,0.06944830189262191
3558382,-1.957970973267317,0.22461931471318483,-1.7245678872223644,0.37863747211174575,1.6445698735175258,-0.3666560186586211,-0.14972909203390508,0.9515410271966354,0.8557150893949248,0.25268970109340283
1251779,-1.0498496605735874,-0.12052642732835826,-1.2669846396462567,0.29375146853091055,1.2517542620659712,-0.15729584058334295,-0.37362071323717616,0.6689947683022502,0.2927897697485743,-0.011986805647671135
3375706,0.6470360211014463,-0.1494355319029412,-0.21127466298112205,0.21380924590766198,0.8620745589386313,-0.2682001802037585,-0.04764193683136213,0.6195288297073445,0.988913100614123,0.19052998356256348
3764882,-0.9327406229555509,-0.8108120031704557,1.1742309814237366,1.0519385948462168,0.8292954270775977,0.49519384660784993,-0.17083106090792416,0.20301943959138397,0.6876184338071718,0.3230411900916565
4139506,-1.0455825496124327,-0.5728039582521621,0.16584367502285088,0.14851687479237385,0.665905666037766,0.2065280132009624,-0.3352472232286326,0.5878150478035903,0.2087641864313204,0.046596603864192045
3240214,-2.0580150900764296,-0.13969755589950877,0.022634268877603798,0.7358174206343859,1.2351387532167122,-0.039133131746985995,-0.13198391340199092,0.4787092719826605,0.9228336858531585,0.2090151569870673
3639623,-1.0873044406919,0.13005094181160462,-1.6153240098587656,0.6818627412857178,1.350375124548978,-0.4635782773079533,-0.16267505650480832,0.7862592315033442,1.0471492526475337,0.10795328041095215
2215520,-1.6379411576170149,-0.09413439935866785,0.0797865792795763,0.6174772108745514,1.3303329630969003,0.2090630764415233,-0.25847065969196076,0.5646482459086726,0.32345292847000207,0.20992916119515148
2364876,-0.3870385764983862,-0.008298874194736057,0.2597396493263104,0.3991441590568363,0.15648002900473865,0.461540796829032,-0.2089706956658879,-0.04945556462352061,0.5382442610152198,0.11064356818383886
3339121,-0.7421145057235269,-0.20371515703902446,-1.1403624405243822,0.9857361590694435,1.0760535424972009,-0.17195524889506092,-0.1887635817358773,0.7642543045551823,0.6483698134453789,0.26270506132754645
1113621,0.07312528681559599,-0.5767051318114175,-0.039254881181509965,0.1377913728338388,0.724208639999112,-0.47850156686991036,-0.05892806109597368,0.5083203772389558,0.7294977339103594,0.2906681911161868
1336605,0.24666554538953755,-0.38769911585931727,-1.1805093053323858,0.43156451277317076,0.9016488607014507,0.03101810902448604,-0.04257138625532915,0.6821697880673571,0.8110741400703785,0.2856116498308106
2053140,-0.10770301019792683,-0.743287137292079,-0.7908562124415592,0.1448037138762426,0.8383782757519982,-0.050543969791992584,-0.3170781260751704,0.7758135237004086,0.5465155819630233,0.07074026038784434
2226830,-1.92603072432286,-0.020006325491727973,-0.3776872861633924,0.3842551144461405,0.6727180499362055,0.19151339733674994,-0.40243151557626505,0.4170700663435077,-0.027426108368448828,-0.04003278494970546
2237988,-0.760357181766068,0.5578780481278417,-1.5603353074153758,0.09294480774561663,1.0815964519745684,-0.4989311445324848,-0.2913758107770998,0.8223978686292143,0.5586072429401755,-0.0868166574717457
5606624,-0.3492650099024467,-0.3246154054908006,0.18334909443720673,0.05895423534332726,0.6775470099845106,0.1590162775126889,-0.3792518082265448,0.5800732196946227,0.3121428287741043,-0.10793860565866713
3121699,-1.808344469306943,-0.3987521663371585,-0.20893482238294436,0.8580732256497468,0.8459015647074182,0.4766523424391997,-0.2332405169541932,0.024097410704633095,0.03937641895510124,0.04574847580509381
4499428,-0.0918468412924982,-0.7446819429111365,-1.1274220782976605,0.15824243879471916,1.244264498409224,-0.06692490576902867,-0.1941560803324331,0.8043061775917764,0.7818178279481245,0.1616638448413714
5743871,0.8383770735621422,-0.8122298799219462,-1.6722021041558308,-0.3815700268146914,0.5473017525649048,-0.14773137955592242,-0.20142280047790936,0.412692620671799,-0.08751728746171192,-0.16038028272765006
2171971,-1.3560362245440503,-0.222369323153451,-0.9652878071352622,0.9526154070091868,1.3926577416989188,-0.20797489010586476,-0.22013352331248218,0.7204025312100273,0.6281990992076506,0.12472505907817016
3234472,-0.2547381949482453,-0.3531662908502657,-0.5456455859214299,0.5395699119969957,1.6805825627091655,0.030914499331737833,-0.2757350278884118,0.6614109820101142,0.8622229878832803,0.2811043507451361
1672131,-0.25915262502341685,-0.1301370460364903,-1.2491729056872602,0.22923937448580253,0.8639021650917577,0.12563081774063964,-0.3861731986736557,0.6993861578744924,0.47682278564450215,0.04710454739332088
5013021,-0.4040974890183702,-0.32323106318948724,-1.1742882478163357,0.2638376782890318,1.161186513613955,0.029287212200483925,-0.3395245904571118,0.7034573541675614,0.5532409254786588,-0.011088177915127343
1529504,-1.7912243508517816,-0.02963257955575447,-0.44611657140891964,0.6891702947694477,1.2260744681377145,-0.0017206201717071122,-0.05234720174337783,0.3161153630827439,0.5849661226518911,0.19101836229332825
5005275,0.5700560869809591,-1.0942031995571624,0.4598804479477503,0.5132512524586724,0.49745528197842004,0.4920846462044175,-0.25008047980689346,0.30171092122936904,0.6859008402162022,0.14867519462923465
2339512,-1.8504820715385888,-1.0184973984536494,0.44413508554802,0.772325866680462,0.8050028215363265,0.34229474136348015,-0.2314256733790532,0.5184180348506152,0.48508558579634814,0.26396514893071815
2596759,-1.7533182298148369,0.22228908642213396,-0.5516418409805656,0.5069232862748243,1.1253014038444191,-0.07630194966099303,-0.21586484592424945,0.6664265276467467,0.550443986103165,0.04217077339929319
4137745,-0.3541277313746273,-0.019074464930429802,-0.10486504222668719,0.15369848112855772,0.5542097017403996,0.307502372742038,-0.26668975536606754,0.6442367148971765,0.286404226427543,0.12168392377562225
4207862,0.5180230313588494,0.08122092005260222,-0.3918900160734674,-0.004469636539474052,0.7912301730791361,-0.10002697871145597,-0.22144525800865622,0.5804891029846464,0.5331534528521771,0.19533552941585897
5847010,-0.3516509661414728,-0.3981074459178646,-1.2966695042143348,0.3418528943562676,1.3766910263558554,0.33831182205326527,-0.5101860242668141,0.8779778490721247,0.6336668617240817,0.14929199737582965
1067451,-2.359661713010468,-0.853647518055198,-0.20067113334563552,0.47886470524047714,1.1581077405489097,0.3411541501614044,-0.22911550459389493,0.7129656885325317,0.5616589223184593,-0.18951572918179266
1110907,-0.18099071013574344,-0.8793712597813553,-0.3150820266657728,0.17690302413117517,0.6600522567911667,0.06785534369725262,-0.12127786043981034,0.6123024170276153,0.792786956223488,0.25788285607423655
3443809,-0.5065689786885048,0.13746466251142844,-1.225009791350091,0.47460064338164626,1.3009466564147505,-0.6561160852764771,-0.28490533384455424,0.859613728581111,0.8871804342125834,-0.006368190225257646
3896546,-1.2321592277395996,-0.7197237642057978,-0.32666458737117937,0.4272982708371853,1.161364450548218,0.1825262952975824,-0.3349545065653085,0.6084333472693357,0.41695851508497594,0.008879806816193055
4882958,1.0343860074040487,-0.95693432192737,-0.6518017074820698,-0.2596406403163904,0.12772444397351573,0.20026267566113162,-0.25006221858555283,0.48123111973207916,0.3322363272779588,0.03160777285500521
3122043,0.31500534449533113,-0.2817513087171664,-1.1633664769994785,0.20917634138728178,0.9497110607661858,0.012288400913211785,-0.2986624041413532,0.7034715494052955,0.8728741429192027,0.19927676974393965
3365861,-1.7480328664712081,-0.4562833270255973,-1.5354421958115767,0.4257631783024382,1.267243675556535,-0.3549636855456479,-0.11150622196280523,0.5357554748461435,0.25682532102998645,0.2580091495718692
3445100,-2.0209668916135564,-0.13477393327751316,-1.5016671148190084,0.9800552231340519,1.7396525564018437,-0.6759270188337246,-0.27712805489735554,0.9515556958825143,0.7096676926713716,0.05885292666184613
1066511,-1.371298697509517,-0.2274073711211346,-0.705090024107539,0.48978172514884327,0.9349541864674097,0.16866624943806038,-0.2034652897979779,0.6734290223858448,0.4931709348159348,-0.19727624617216874
1621346,0.025578136011399508,-0.9668013011474152,1.0859143417887291,0.36031191803398516,0.28940186616276237,0.7342233249173361,-0.1063630306455802,0.03384774666101493,0.1462962212389057,0.03214024914844648
1907162,-0.8304807870899069,-0.40776656902006425,-0.9333495073535303,0.37829277034114706,0.9779194508678036,-0.11696312943967958,-0.23556242498492683,0.7974819641915274,0.6160326471524915,0.15441128433097
1968005,-0.07470257593936172,-0.1380050824066778,-1.066501643246589,-0.3110323458746059,0.4905959435856477,-0.14443204942482651,-0.2804425382800613,0.8581717039543116,0.7759932366717095,0.12321434083629645
2901192,-0.000734353191843707,-1.2984141924258188,-0.26061291191807967,0.08168961197550133,0.20540582764163642,0.5226071889597262,-0.40630038639480637,0.6162123555694784,0.36382492091263074,-0.12695952389025952
2984278,-1.593019105732263,-0.30066573334794644,-0.9517388225682868,0.5395091628787366,1.2079539332693272,0.14316179737488752,-0.1561914946331298,0.8343884257056501,0.3968232546299281,0.1288143869520722
3345674,-0.4179584244401273,-0.5147287913089379,-0.3799454379230019,0.4184700307224491,0.606764600604729,0.12854637753274034,-0.3482407266231858,0.39944848579482795,0.31652436381808235,0.03571968524554711
1051421,-0.4415768663846052,-0.5009887760730575,-1.365507359925697,0.34282400062924057,0.6965333736633071,0.07676318762758498,-0.21752226562075086,0.3878637836745524,0.49416013325513247,0.0255161733071706
1430336,-1.2921139366522303,-0.38386769468416193,0.019340132930899635,0.4016294917610258,0.8459298400831773,0.04388293642169464,-0.12719922705899184,0.5870505740049183,0.35735750365663854,0.26365470270366687
2197104,0.17801519254194217,-0.0033240708198474162,0.06446723604928872,0.2670301868456023,0.7656775572484019,0.10188257341706972,-0.15661220852243785,0.7293974434882619,0.590567336831739,-0.08641978414508986
2319692,0.006203583190225088,-0.3519396079698624,-0.610978445182838,0.11554115663477302,0.5783433469933897,-0.10680271532003106,-0.28931757355849147,0.6418382621725287,0.38430303334404586,0.030059402187293843
4088687,-0.5024272362888219,-0.11038255443742699,-1.5894793875204694,0.23550893974019937,0.9876899894669006,-0.20534837390597285,-0.23429027656259188,0.8648793768983052,0.3603309861300106,0.2036639512701005
4583994,-0.6195425627476842,0.09567842273835908,-0.4888245198831273,0.49647500815739626,1.7402033730123239,-0.06439226379072555,-0.29819587818099863,0.8119410933863078,0.38743390074483386,0.11698180414099582
3694598,-1.2667189023766041,0.20157042743043696,0.051500864010989744,0.38524841974933327,1.4003750046804535,-0.09448666185224054,-0.06377761962942087,0.6496831223841536,0.7008019059475227,0.3084708750492387
4947017,-1.262096483008656,-0.8304193390336788,-2.072145072372555,0.5160545349952548,1.5516242057745888,-0.31300963112724306,-0.43604381011938353,0.7670685103800141,0.2344401458136091,0.10532431647967112
5946701,-0.331719347327072,-0.8312377880942993,0.15074558849993425,0.08456734798257015,0.5966114780043821,0.3386204679829328,-0.22332552768170252,0.37186821149062754,0.10655806454794695,0.14090648067432424
1898375,0.6772639197115761,-0.7135251444710325,-1.154023621035701,-0.04376305490176141,0.2203067212842056,0.11951202973114654,-0.13029805546350892,0.8549419351086829,0.11632518936287306,0.13435565998301574
3376526,-0.054171734632854567,-0.4188157443433664,-0.8965532908032562,0.30755585310131556,1.1194792647776892,0.05383481465392551,-0.17962915569521987,0.337103393234853,0.6098797670764129,-0.08905298823345922
4343348,-1.1022147690148976,0.20225589465768856,-0.9949556801632178,0.3822352423846368,1.1103659636054013,-0.04467621881517772,-0.253399131600624,0.7100507419195359,0.3362602658406898,-0.023885602501167447
5398010,-0.8244052084756989,-0.5262303606514426,-0.7943808770322514,0.19200371635707186,0.31267035674582394,0.20735825166886818,-0.39367359716634914,0.6329393784619628,0.4263263749897166,-0.12213939470912137
1570441,0.9900729446682189,-1.1725008584606766,0.04406475577340412,-0.07278480023145585,0.037878422139034994,0.8502818676199354,-0.09169624303519505,-0.2649168306010814,-0.2807328724354937,-0.016263799889809753
3449246,-0.8110489762319998,-0.39470906619428847,0.5530017261962387,0.3644943336280073,0.48115465057090234,0.38928524313693896,-0.15078563041901016,0.28732095031008087,0.40268755628779795,0.056871490701923974
4772811,-0.25809346617661355,-0.3671058919870132,-1.0158400038476232,0.17029363480974954,1.4875858313508334,-0.12912057707150276,-0.28164106399012395,0.7806607144970991,0.3989493867958051,0.06803498696514425
5013109,-1.168334767512018,-0.8955436979907063,-0.19314050953343687,0.5319439770489873,0.7814266063767185,0.7307565511961254,-0.261673452629356,0.05110227500109377,0.6071595684714512,0.08087876078580294
5130169,-2.098407168723687,-0.3829176026682673,-0.3851083677421745,0.5817627196293735,1.3785881165905396,0.1755263228327573,-0.3051580232000384,0.5087851671722458,0.22834439016761923,0.3986908048477088
5154497,0.20581496556147996,-1.0227419421526993,0.4512943152841165,0.37894491087161714,0.6831296375042534,0.25993418469496465,-0.07997021189721511,0.35352099443899804,0.7323441162236926,0.24968710872419156
5839500,0.19855586278119935,-0.9342614399727577,-0.7285595628668595,0.06159957948764074,0.3964455107346208,0.0065085518653697294,-0.18233527770858646,0.23907591546903262,0.15925566389039303,0.08773847358795311
1547903,-1.3092487374634563,-0.3722782314400666,0.20731052697492283,0.7385958107128706,0.943444148585333,0.1357830784960553,0.058610882940221126,0.6552039977679902,1.1946366659637373,0.40163639210651575
4405393,-0.7455857442808577,-0.15262787088711102,-0.9229914104554369,0.2316155075174885,0.8708114041249945,-0.20947011761178427,-0.36147934661268416,0.9016726312704928,0.4622241740832399,-0.08771607354326948
4444487,0.19162602662336858,-0.4721624791275451,-1.096244619117054,0.3749863475569361,0.9813238554719532,-0.013601752741619401,-0.30768420842384375,0.16117834210805665,0.5294306750059279,0.0034587103922872602
5853592,-0.3384993804036397,-0.3086372586658083,-0.30443538660459024,0.6904141534014093,1.17975242836645,-0.32031325505658026,-0.22732710291704714,0.7607144778590993,0.5598934089444301,0.1956322232565896
1154287,0.8786722812667763,-1.2995450074342743,0.8738346331730925,0.12859600078799013,0.1241509540172308,0.9680352356251031,-0.1373808752579998,-0.02628440188315931,0.2678572815022155,-0.07755905408266046
1953748,-0.7414420942752351,0.23725874613956638,0.25184309179074377,0.5154588125561794,0.4797739727073443,0.3005301758358238,-0.24033657693406088,0.06622614322267442,0.6153938774038087,0.23708819020785435
4133986,-0.46259028278112196,-0.39160530159465506,0.488927881076221,0.29033122767282665,0.41054715137121806,0.6569993454935761,-0.4467237118363984,0.19005647897754543,0.5925489657826228,0.013097864893058687
5745644,-0.6782222286132815,0.34597685159563774,-0.6536090178198344,-0.030748594366493503,0.41140722310336547,0.01166589657436142,-0.4927998893588018,0.7693866890004523,0.3580533594696441,-0.12165992828488754
2476069,-1.2013456574595345,-0.5273293302664925,0.3990541885918567,0.6304504942306244,0.8941273021203419,0.5825175383921469,-0.34642742693066425,0.5818857641735571,0.4897196277768168,0.09486411887685696
3216076,0.4430786338179268,-0.5255076364450812,-1.210885879878803,0.21269667430622377,0.28780923586052953,0.20550267146274503,-0.25017552993937636,0.6050015967966182,0.621887342739904,0.24661034980177324
3579087,-0.050652739651533135,-1.3238622126310484,0.11709236942847502,0.08322140979591408,0.6436109804313759,0.6833999145511621,-0.2553893684263656,0.3514411809514669,0.5036418253199755,-0.04313988350881639
1072245,-0.3299812393891535,-0.1394048483674348,-0.3357174233422819,0.6053001664009757,1.174254508538104,-0.2645837904828067,-0.013704554363888692,0.7118390714351884,1.4307932367094924,0.18307647500892726
3079294,0.8228503484402289,-0.8913406102009944,-1.0172922796746813,-0.16882088350367438,0.35326184077303546,0.1548427756933592,-0.14918963431249543,0.6939027935802287,0.2809707270877095,0.16715495864386318
3413153,0.2200643090371328,-0.6991911683268439,-0.7080858243997633,0.26023753657608684,1.0165028937040266,0.15210943414269348,-0.11243345131968413,0.2116516847871058,-0.073140791070398,0.06599976430043693
3659427,-1.2295821777978013,-0.533326109164073,-1.7265361351395616,0.4322221064986501,0.9094026707569711,-0.5985073102857602,-0.2420595215653518,0.5987429086053223,0.6913299153195231,0.016967288948069415
4148667,-0.20624847163554094,-1.098555837391102,0.140411589277112,0.27325032983201175,0.12123962970532494,0.21586707823301912,-0.2525667751073216,0.4689792156732975,0.9854649344115468,0.2826428821890822
4843407,-0.3889935414163146,-0.37713507889468767,0.34296420550574686,0.5622105529948449,0.4309464059972794,0.3934526400916655,-0.3520025609817505,0.5168900819871208,0.1927974788265786,-0.015335931724535602
5157431,-0.06071541139205889,-0.4620596880214127,-1.6595656262025977,0.16561873582426276,0.8464851812540163,-0.22589503516920129,-0.3119126328665046,0.45402040935700844,0.22535464395617105,0.34564913423681165
5405484,-1.407474259581737,-0.32271827309251094,-0.3667827142055364,0.3045270614072381,1.1407967965760448,0.043593844315522615,-0.2726690285395502,0.7153848252565735,0.577355273322392,0.07647846505294083
2715851,0.06341525582894884,-0.29239275279471466,-1.314674355649553,0.27127693389754776,0.6260355365107685,0.08892478800299732,-0.20181239319676575,0.7866965806405346,0.8338957845269289,0.3116255691759907
3709219,-0.1555576749130236,-0.9334693606194124,0.38363459543804374,0.7861161856642899,0.749099627182144,0.27962310817973046,-0.09234120347400858,0.24404312937315145,0.3895677012528859,0.03168735547690846
4765721,-1.5662670227412814,-0.16173027127403408,-0.11842444370555015,0.40613315579103515,0.7286619399739596,0.34433688142123114,-0.40409449182708407,0.557780552316369,0.3594626859878964,0.09516537855680138
2534580,-0.05014345086291552,-1.1231731572858012,-1.2306186655709974,0.4571128975689379,1.0966290177936717,0.060492889184034046,-0.3241868010403916,0.6611663076737971,0.8167347641518837,0.1779138284423264
5923931,0.015740102241684727,-0.25735653330431235,-1.2360841013123822,0.08896906580458852,0.9341707977567825,-0.2488900581593471,-0.3187504812006959,0.7611486804137491,0.8988524718064533,0.2316666046447888
1234558,-1.0384176251392858,-0.07250102336840213,-1.4424357735814122,0.4343099145974277,1.3180406562517633,-0.27540392076446246,-0.3076598009080122,0.8952540427081827,0.6588307007572106,0.15942069761589742
1450405,-0.20684776128789872,-1.0286872872720556,0.5108618183594557,0.7124517669922102,0.4644526395626972,0.8204670937669828,-0.24246215211906869,0.10746929021990992,0.6075552605958514,0.15551892175488893
1592156,-0.17294071704825703,-1.2812364850057207,0.06971829633079384,0.36771391110482077,0.2607719463120118,0.29335108676843696,-0.20386989872331385,0.177136511511691,0.4785306324036666,0.07083350270086762
2712741,-1.3386935566234137,-0.5160536193081156,-0.7916735021794797,0.29660930302202076,1.058807950676382,0.15605946555313138,-0.21338548158971665,0.6604394037472135,0.611731826828479,0.13180256431804077
3077374,-2.4197458852899625,-0.47888210714238205,-0.5683246424458852,0.7450836474523582,1.5801591550967053,0.04625309051097898,-0.17276716641493703,0.5135164524177104,-0.07700074621454842,-0.11839041802671642
4142042,0.2548478889453812,-0.9268769747549124,0.03395085853672895,0.15727714751127114,0.8806771280516816,0.24861889911795368,-0.17786321578766098,0.41121534113836306,0.5354461286718561,-0.15424523632746492
4256775,-1.0466922283199158,-0.6738864936963056,-0.09976749623800824,0.47123156464591603,0.607264646997625,0.43404181674993264,-0.19281230512698644,0.29216246267150064,0.05313088412079109,-0.02687941730181104
4267877,-1.6089887633342772,-0.5760505625286708,-0.9803034671705132,0.5550389616091415,1.0037781086425779,0.09988999810708392,-0.4065852022037978,0.5313288946597089,0.47598802309894045,0.021847594518562413
4276864,-1.0371495660632737,0.02613470570634954,-0.8701133152394824,-0.12469505368521631,1.3015453884015078,-0.3403514441650123,-0.019016436707760324,0.742342098112534,0.6071211883076558,0.13680657072972904
2959748,-0.4869357887274967,-0.5179679471973567,-1.0393420937976907,0.455423374977249,0.9820216150048733,-0.2914660188824058,-0.3386541619162406,0.6620430628064916,0.5859774033256453,0.04158688543830016
3929146,-1.3214894170484777,-0.5253547798337895,-1.2781938230307481,0.641130636650996,1.9197569232045668,-0.13384466395995606,-0.42537112545183914,1.0783064003241976,0.5736000544067107,0.08693491345789116
5195858,-0.5558243653636095,-1.1450660053292165,0.6456251958193048,0.030887162643616073,-0.042408649162077566,0.549633603123381,0.13418285925641954,0.24001824152249374,0.00504984239018131,0.4044232969858648
1283370,0.08145678073463723,-0.9928058392766629,-0.1208635531656212,0.22458161295883197,0.39737325509449806,0.3901314216812863,-0.2272968639552926,0.33621417927467157,0.24966263709838976,-0.2115972652718826
1472173,-2.261764183612669,-0.0908779727043041,-0.41100971459081737,0.6155209773626081,0.9574234319563018,0.03978473993326727,-0.2253160163789585,0.750730505340542,0.4281827559366336,0.08658999609295481
1732547,-0.19956994918358045,-1.474608492484817,0.467877297277955,0.5672408838072746,0.7120870782121036,0.5888126151659818,-0.22644612353567475,0.13638537042257778,0.2760310873232497,-0.1341243259055559
2098644,0.1929602453532327,-0.7993998823295221,-0.43489574704784495,-0.09629434141471961,0.2779061562981537,0.13536335966687954,-0.3710974088084616,0.6685801568447606,0.5975181748992628,0.08341335066282393
2707701,-0.9537755473415479,0.3057251915674962,-0.20918466357479978,0.4218491713057328,1.0854543468397646,-0.06693943841920046,0.07491431625526297,0.3096347896743608,0.7451989032499188,0.045930883799606
3210493,-0.7012016566874574,-0.4424202081207432,0.48744759467549964,0.7676503812692801,0.6224016876454825,0.6487245090177038,-0.4200429005868366,0.18220314115640582,0.4526861499936527,0.009152127766654186
5583718,-0.7502307197377854,0.1570965411674662,0.13995724964828873,0.08746204146090976,0.7044337759171984,0.24649081964474906,-0.24672644374305286,0.8181983165418932,0.5211744410744004,0.005310806244336959
3987919,0.05322483475071587,-0.7321042187641905,-1.2641605529049245,0.09176976669737921,0.6746838767377219,0.058140403140202725,-0.2120280992555569,0.7330536123034591,0.4980556787363779,0.029592175351408977
1029135,-0.6578226895563001,-0.6908694288673863,0.6948078802877337,0.39064856155652355,0.796810086201695,0.08311849155533911,-0.004073689233325023,0.5798259425934067,0.7379826203460881,0.0626994558669492
1273595,-1.2342478820894942,-0.2600667893927295,-2.389516080800671,0.5027402220760574,1.3754144716684928,-0.1991406472939218,-0.35321185923068704,0.7975448926034234,0.6965820043792073,0.13439591612929314
3598407,-0.05267178995545533,-0.7843915372306499,0.3194218798952964,0.5677566177083525,0.4414175507478357,0.08487068231650242,-0.25854331680637366,0.3075098134313679,0.2492965065878634,-0.13134559547064234
4075940,0.5135931216774029,-0.6510767207593556,0.06945284224385076,0.07315130183974598,0.46496069143676644,0.5575289995744984,-0.21936909507655847,0.10282353617460487,0.5539617804533006,-0.02430560586077987
4076058,-0.12137430782064317,-0.14343770178309737,-1.4784185501505465,0.3402924705189079,0.9124307274407153,-0.25566612230006935,-0.33711184313501114,0.8348172447784268,0.6608741672308414,0.26312411289860893
1846809,-0.2151914609820139,-0.12310861832088127,-0.5907313481353585,0.2732248187315013,0.7249505515817762,0.5631032226117352,-0.5880392931288284,0.7235883800169783,0.5710953435616538,0.0475702764027923
2778321,-2.3798559295163,-0.1279277898078734,-0.8762275313771083,0.7461647181721881,1.4023873099053499,-0.14880499737725517,-0.23178620176027454,0.5054795255507403,0.1597803848023864,-0.12533678122310984
3261367,-0.6334911167783732,-0.15222896999491228,-0.9589336213732336,0.1489655411542079,0.8077517764524215,-0.022584184289203075,-0.38691602941236497,0.6473770057607029,0.16965398897365014,-0.11630420914350394
2120836,0.9082060669693885,-0.4080171104524464,-0.6564577800960094,-0.25941864991599817,0.40482556610260156,0.0032057002930006837,-0.15990527583509626,0.7112165055612688,0.7975372603970317,0.07669024269610841
3366157,1.027473492297388,-0.7106039565445778,0.024711164255332332,0.1293370641845017,0.35084199838335556,0.7473660980960929,-0.22610632337616735,0.15412764151906264,0.5233190515072551,0.19135822399640637
3789993,-2.0528451285622706,-0.4069077743583284,-0.17002081722810794,0.38604734805979907,0.9556460175813316,0.046461963043026216,-0.3311419478237739,0.6654366030129085,0.19227005299495553,0.06743592759489485
3899867,0.7246693666837543,-1.1613577820492553,-0.550384768710966,-0.3957450395712422,0.08498577707573611,0.19542431517864237,-0.32019695742346926,0.5743162109339242,0.7198571180622092,0.03953573757095989
4569128,-0.34415040330418867,-1.001522500709946,-0.8717811019045177,0.3902916882057463,0.9052266583090062,-0.12893494402215613,-0.28337561213822676,0.42751394764995526,0.5058767373801597,-0.04316477662469685
1766409,-1.2529057914757473,-0.39750461047020275,-0.36279903114107415,0.35194808634410035,1.4533552122550661,-0.020088880406235153,-0.2103447798539555,0.75263049979107,0.5803741874839297,-0.09862692960040326
2766493,-1.47415165052403,-0.2014803335664322,-0.5424263987375155,0.2731006940169691,0.7425614001484474,0.11213955793470333,-0.35684911072227593,0.6298069132711981,-0.05123832023575096,0.035221542496481434
4711854,0.6776623742007651,-0.2203463793197596,0.4647036297246361,0.28895223495628153,0.19427584681007912,0.500536747385349,-0.21001169459646474,0.09265695046718331,0.3519520884724653,0.15034880780723306
4756065,1.407318367653721,-0.20362099686562182,-0.28661081594278404,0.0795824794113263,0.24683039708472077,-0.09303309856623931,0.038922414218822934,0.46422044474633767,0.803257255805332,0.2727661467456833
5673732,-1.2509441715622822,-0.7702819346966115,0.09363019574145234,0.3797699973527019,1.2023600082876453,0.11416793048614134,-0.21331722275325998,0.46549092687526855,0.26737232389662685,0.18542960217057275
2547425,0.4344774298563733,-1.0452241885402023,-1.0269563551176504,0.06625215973952146,0.7055337346964531,-0.05030461104682675,-0.20983175055686756,0.45209157591493065,0.2583881109216626,-0.12193165795434306
2665796,-1.9032086056378743,0.10238458830363154,-1.4610364634860487,0.9447294434924123,1.3248976278542157,-0.27736941529828696,-0.4246585980852424,0.6625734921771249,0.48015067247820087,-0.12625635358216633
3807991,0.23978626364336122,-0.10675258335714974,-0.1289569230781211,0.18050635828727174,1.0917423667567783,0.08140405124376116,-0.19256861502878322,0.6322885790524451,0.5380162251597366,-0.09076037801923809
5539361,-1.0486737698579192,-0.8891101569481186,0.11086662329011657,0.48852320141207806,1.205359040697947,0.0002676013046783658,-0.22762849814367184,0.5702646754081606,0.6116381354914416,0.05813617178776121
1970497,-0.06376637132832969,0.35279146335537703,-0.8855457493616827,0.19232127730535054,1.2542552896330594,-0.2768208709875706,0.05832515373473979,0.6311315589650869,0.7058763176567427,0.09826199721525071
4894288,-0.5163318080883216,-0.08980257150431882,-2.039297793521422,0.46700668968858366,0.9571408095595818,0.22146521439029318,-0.5941549767903247,0.9894455155968115,0.7629444631691623,0.23766623525010264
1865329,0.31148870777725324,-0.9309947065228437,0.6333193106749886,0.3256372431518804,0.8104540677614477,0.43113088913057396,-0.21964279814398996,0.5301937948172032,0.5212227655486519,0.22194755663882348
1333755,0.24244843663176113,0.22353803772165834,-0.7426718054926155,0.035511737542729696,0.8860836099579206,-0.06798027183800083,-0.2001408989774073,0.6648807906815052,0.5056123572179981,0.028188025183263767
3071866,0.2516925619388451,0.5878821711434459,-1.7618593113886523,0.16454637914722958,0.7250090237719876,-0.3516812185716814,-0.24392621775167045,0.6212723435734219,0.6813476969415773,-0.021866062758814583
2881512,-0.42181971516549055,-0.2641649062495665,0.0026862534468034154,0.05128987714084735,0.5611919979029928,0.5458474255355602,-0.276096922220723,0.6109621906735532,0.6161380871543346,-0.002356851759337697
3329331,-0.9162325958855492,-0.804986982983468,-1.5633021388709172,0.20205601728237924,1.1041421018362239,-0.1889419366804345,-0.21015739047541943,0.726086574455924,0.59168957909073,0.20933394970672248
4041755,-0.769591767825745,0.02051684878524102,-1.3044740753171649,0.38940867688034675,0.7625590409262669,-0.301562436948207,-0.29414062799913576,0.5977808100339028,0.6748965982451114,0.2654441605975505
4046847,-1.6835450328106532,-0.1379359569878963,-0.1512498219449439,0.716506611261291,0.968705204699611,0.09685232469899986,0.01065075110150191,0.36191732347767624,0.605043656240682,0.15302899212644716
4654344,0.4502515489883201,-0.4734893108034239,-1.0845807139582178,-0.21149222155570968,0.611407402972096,0.2586632121777903,-0.5611114653333321,0.7696298960291281,0.5858359334671972,0.04141519177140944
5096587,-1.742932320867937,-0.6767558064450374,-0.5665850407785589,0.5277510640021895,1.1688044894934884,0.2288952013708437,-0.36401418643480293,0.6338482431981192,0.49534307928874505,0.1796515462166974
3179299,0.25287468287909226,-1.260854422026171,0.9155916470559079,0.5231201293406061,0.2545622530634297,0.7030208318602095,-0.3038461255213518,0.044849779158385984,0.4563593469411677,0.07304916992119163
3535894,-0.4559423621734503,-1.5086235385916664,0.29350178578345676,0.11046127014553572,0.1545131282557639,0.29368565868767177,-0.196491932531271,-0.04011265933007026,0.2415006121021017,0.1754296541623404
4237451,-1.6344734383327302,-1.0055435352111146,-0.31285941909188586,0.3244955457370339,0.7736064649316453,0.38275835518923984,-0.31961357439190263,0.46034370837035726,0.12127645976290174,-0.0344632987616086
5375333,-0.1152432102767773,-0.3388725270709749,-1.415779835046518,0.4027735875493601,0.7956985587994001,0.13015176364407574,-0.34486115351667246,0.7590737776181274,0.8127426500824925,0.12920426387310818
1745668,0.12914246917195432,-0.7841695680806958,-0.6152682723632952,-0.15455070199179038,0.4384343588786505,0.3443269253249102,-0.010267560826683791,0.3943406846591233,0.14337751801080661,-0.06880379480621195
2142362,-0.28349237676636463,-0.26418434159770343,-1.8846924621346794,0.4264260308481076,0.9375852534132415,-0.21712459653514926,-0.25958780465321124,0.6736237387757064,0.18088924250613414,0.14555926229367333
3177675,-0.26679031728015745,-0.611795187883892,0.7828719912126713,0.009745711098248306,0.7758102510414596,0.25318697075766955,-0.24147590644211342,0.49960123056430167,0.5968232652526541,0.15337960412467297
3779517,-0.31727522499032323,-0.6453412738469699,-0.9199982086807201,0.47203305357846054,1.094711912578362,0.05226609544406121,-0.4201174187219717,0.794347391518282,0.5956304837349294,0.11858316136772316
4331689,-1.0049652061852445,0.49850168668454264,-1.188422333331092,-0.1397292996064502,0.778941710910365,-0.6154679707923126,-0.1370623114580603,0.9692228625320367,0.5711548883979543,0.2590478447369504
4914589,-0.09126159628377654,-0.564532497760153,-0.30769744839314966,0.20139667285525756,0.7958977008818047,0.4807510644615707,-0.36989622042185194,0.5570276033484379,0.17642421451729046,0.07194831779938794
1133210,-1.4787370535165985,-0.23052612491480962,-0.29323629515564315,-0.007752996820349101,0.6633094689465397,0.19628393072784722,-0.3747181865311,0.6232894749737355,0.08114496775987481,0.06777321450376585
2509554,-1.0854708557391162,-0.032061424116760065,-0.6083610386986986,-0.05500391615919674,0.7668949536254139,0.03994868989161538,-0.23321161251612524,0.6822070260709878,0.8407222789541069,0.0028267885315023224
3524589,-1.6277012376332254,0.05976920578152123,-0.5292929997182022,0.264091422970199,1.318350507664264,-0.1405262003996396,-0.17156895640457953,0.7813051467358143,1.0005580071691356,-0.026098453607738104
5414052,-1.72045183092008,-0.4906133414618113,-0.42423500935385183,0.6938858566977102,1.219985210010488,0.0619686282557981,-0.30932833433797585,0.5311023852510455,0.48024049430952737,0.04318123400907914
3919275,-0.7129783920396934,-0.2695748847080225,-1.4644418834029722,0.365114527773845,1.3305356307846614,0.16489870421683303,-0.40116397450690416,0.8323677273045026,0.6693551162641473,0.08361058413564407
4144416,0.10878276810674192,-0.456224111683408,-0.08579637626921363,0.15754772037951437,0.6976180399410207,0.3256572566065282,-0.24556316874554518,0.5329935878103874,0.6884126770939634,-0.012770617048576117
1451579,0.7588709481456771,-1.0624523247883824,0.3114521124936969,0.09849482335440216,0.23546141259671244,0.6522617766172044,-0.22609794168285124,0.12412716037144325,0.4689348280910827,-0.06810912933311866
3274820,0.602013788571541,-0.5670525314070007,-0.6395817811428849,0.13764061896487279,1.0924944135799008,0.06663564842014734,-0.255556277744227,0.7168760845846114,0.33291694024810853,0.03839213604608717
3563919,0.6643256105475259,-1.6159543719299696,0.05271277431103073,0.17151912930776136,0.296815927842327,0.8278364018670203,-0.25097278804056594,-0.08417110041828828,0.7116823055259175,0.2223056166836173
4049711,-0.4552782968554765,-0.9009483951476426,0.9448334382350003,0.10939836887681613,0.4854716624538627,0.2396989017688662,-0.14556191963090934,0.41229899606085835,0.4728229466270021,0.4387276898374563
4629324,0.06522411553485409,-1.3393127433060126,-0.5929143745275847,0.0066503436255824005,0.5795968966062072,0.3506487892412833,-0.26579635160593973,0.2697988970403251,0.574632668836763,0.01910854722701166
4866130,-0.34378487088291687,-0.8905438220895328,-0.4759936357547205,0.607897833212058,0.9450149722879784,-0.09670189441827053,-0.10793931843679914,0.4560901776691669,0.3697218373192661,0.20070577559828762
1073458,1.1245811738973788,-0.9909082230148071,-0.13603261709076994,0.15922265441291375,0.8805366495229182,0.22470967725483007,-0.02481186270290403,0.44929134809202104,0.7144958775105876,0.12058490965160959
1923896,-0.47945759446663166,-0.8298199543553568,-0.005085764026198741,0.31702205235114933,0.29899900739065965,0.9834365515664469,-0.3670933200035323,-0.22778120429239795,0.261476531917533,-0.08803175061544269
2101743,-0.2666672325756616,-0.3687670909856465,-0.3031319216549592,-0.2741232775187393,0.33474072809064775,0.4200656366658325,-0.32112921353779117,0.6231682848751656,0.40821737161817595,-0.028430778013819248
2424848,-0.8243734359487878,-0.4818124146419605,0.24315457315711816,0.42762589972123827,0.5346385580868923,0.06820868682669592,-0.20010176402402532,0.6421611548808286,0.6077641433639566,0.23838708604856293
5031971,-0.15013872842904652,-1.1568403954378854,0.3644786418182881,0.254958486677785,0.1544822236871018,0.6332112408048287,-0.21703475571285125,-0.0796592595531017,0.29453897558225606,0.008284650831911789
3615053,-1.6392456610340311,0.2520616838911245,-0.42646757224445253,0.38232530686428046,0.8788224076188427,0.16202175525746143,-0.35164219846687234,0.7515378407664034,0.37475945543203437,-0.13706395002099625
4001198,-0.9883192978394906,0.051573871857634464,-1.594298353445451,0.6170603552872678,0.9603883447559374,-0.1631978073391155,-0.345951915149903,0.5039741639518993,0.5341168911158981,0.08527086347191631
5249115,-0.794951093466569,-0.2648819799884671,-0.5613626027600838,0.26639784462669935,0.455778315263267,0.08777134703002484,-0.33684203213090524,0.6071230679972027,0.458766920231456,0.11425527166743239
5310553,-0.2847352649647068,-0.2694593009105411,0.5168779810445924,0.3186744042482802,0.2619872024101338,-0.08037850988900454,-0.020700102336928188,0.3661143335739231,0.4253257673198,0.10011436684013732
3622609,-1.2002016468789247,0.2880282185128933,-0.4652810856485494,0.39335977179471066,0.9545446135729658,0.3354151712611736,-0.3622354514451254,0.8154277015557465,0.40911567209267935,0.039469783628580765
3756122,-0.9633862578422702,-0.797949438150262,-0.6313697069716465,0.2905488489606534,0.7361600743512827,-0.2986859464122995,-0.22803229443271533,0.3562354100412684,0.06876930085869494,-0.02157259608592301
4490768,-0.3361814588466008,-0.5257044005064234,-0.2254577540364168,-0.24491353165929672,0.6218557175721133,0.1807316973836141,-0.31586661455458204,0.5698280800169291,0.12373098883408756,0.12945347074990837
4510197,-1.1231584809441677,0.3591036173559505,-0.9665598012540245,0.43441607917152775,1.208629579024273,0.008567800462715148,-0.3247440624730304,0.5689969586324213,0.5380225168438181,0.13172782704814756
5009862,-0.004407825042146668,-0.9795894343803107,0.018767480340476313,0.46007361359089893,0.7744848133235481,0.3064160955485326,-0.32498738452142895,0.8116593691263393,0.6372784207401159,0.1552193850135623
5195351,0.25241855749006553,-0.8079864227063601,-1.3260434244581034,-0.10144263117274957,0.7527480627073752,-0.14438928076885135,-0.38883382638476,0.7171920844770305,0.5281663345610312,0.06711197103098174
5268294,-0.9372899110880061,0.13502155197973933,-0.9051216021408444,0.629646393247581,1.05801679924038,-0.17317598288257183,-0.3066399070672704,0.7794286540680538,0.5102130032826893,0.04555435166784427
4412145,-1.14007800570235,-0.3164987684029545,-1.622377655459959,0.25751830662353936,1.5903108406245186,-0.1378626146740691,-0.3806377151439114,0.744938042198843,1.2432793445299355,0.21749081212427987
1372627,-1.1567521611927363,-0.8572983386231527,-0.43878472295260146,0.8042377992428087,1.1189653777543234,-0.11906547282118166,-0.3266038807482965,0.6766236208445582,0.49388360715507823,0.1317592743285831
2299377,-0.3001471612556435,-0.8713903207006665,0.543224425306907,0.5712722917121636,0.7882144153361516,0.682643001739915,-0.3410873413198757,0.20437229208751037,0.4391725328456351,0.1176303784489114
3026402,0.5617138114210828,-0.9447397634134148,-0.7791175662452613,0.03391144016098437,0.8698177534723363,-0.1025904850380163,-0.29288969927124187,0.5901879294902943,0.48298178077199855,-0.01620278827232803
4085645,-0.13505020618485689,-0.9321646916715803,-0.055202378041269866,-0.15218903024342215,0.3130437595669975,0.39804823669994727,-0.30036207917285174,0.37476562287676896,0.2695782919517726,-0.017559957874547873
5133503,-1.4934986893580515,-0.4651640961064542,0.14773639008792322,0.9805482305351254,0.960798827421819,0.38656243862306267,-0.33871588056350677,0.189248909565535,0.435696728677324,0.15219019544030735
3178155,-0.11362225798045476,0.260691889394588,-1.0673565576829618,-0.2640253698873634,0.6102290082252683,-0.20834499464827247,0.02343239090161571,0.6523077731414619,1.1038405386323087,0.06565172793983184
4225942,-0.9154852441530426,-0.03672682953830611,-1.4714397157758847,0.4089777971691391,0.8191512020464968,-0.1745797630617729,-0.3055286895717623,0.7854054205537625,0.16484414008234954,0.1656267555555715
4242437,-0.984566891277915,-0.6263907173557299,-0.11177039268215423,0.26630545996696464,0.5518032243568238,0.6544835175357262,-0.40247652445157206,0.334652051705698,0.3092799420698363,-0.0425719467235631
4734527,1.270494786742121,-0.8507699812833358,-0.41080134804439034,-0.23717998581193786,0.39876940093233804,0.20252242742028326,-0.15460194624485032,0.2883052990991563,0.3652379226445676,-0.08895911038416465
5659163,-0.8699027402537928,-0.3477672001623843,-0.3986844060814983,0.27387926269972274,1.52994530883575,0.13783296410574233,-0.14166238992724764,0.7708368737931954,0.7501989370332612,-0.07576503318748873
5779746,-0.21282375787894256,-0.1388406690708374,-0.49959704221572887,0.602841502791149,1.2045235782211057,0.02878433226991789,-0.2818384125397843,0.4164904758512531,0.36662247854535457,-0.004834697595599427
1274463,-0.876463986068085,-0.36959062989988095,-0.5366027671625151,0.830280489791833,1.1229294346021792,-0.39686406182342904,-0.18840008651904153,0.7000744759989426,0.5650157207967601,0.018333933694693837
4271929,-0.5888536471885505,-0.15804169525092118,-1.3037242227496306,0.1867360576734721,0.7967048047244422,-0.4319492816230852,0.04286306862377696,0.7032798128317168,0.7602005224369144,0.04026706476715111
4350976,-0.6663173064054724,-0.6728697524092284,0.4592552952506968,0.65430922798074,0.8211467024739332,0.342234198590811,-0.32495829530687353,0.6317380546403878,0.47902136341085305,0.041068312211464
4987345,-1.007380719076923,0.47161946183294334,-0.9818805046582074,0.1743559369385024,1.318902004364814,-0.5393792557640573,0.012560072952189784,0.7617066990726453,1.3763311447711941,0.2688736559519284
1072293,-0.6834195817863418,-0.06325909759193336,-0.6113413184185476,0.8141646787376444,0.7636691627744454,-0.4381553882211571,-0.3457631655577959,0.5521475932482033,0.8645534778201623,0.13986559419560768
3611196,0.602153133550781,-0.9652132370921755,-0.5578134042724084,0.028798151040615453,0.6331090812076007,0.11883510151341636,-0.2395662848521206,0.42696008845870786,0.3532280442208653,-0.010800868025867657
3961011,-0.7775804909113615,-0.5647995266863054,-0.07468221366315295,0.3846595279654911,0.8745005202793402,0.3166332882736296,-0.28361003164964876,0.4604956766959296,0.18554083700161533,0.15022663591570184
5122914,-1.5642378947895201,-0.2464908328622476,-0.7030496281868424,0.4133506457791871,0.5676531196705683,-0.11856101170482326,-0.3697706091741606,0.4903753926843145,0.41725214153986073,-0.06040080430481906
1689428,-0.7215738335575279,-0.8280517827942513,0.722058966826629,0.4774942555900096,0.4410275412703647,0.5744619538045806,-0.16107201617459463,0.0617193712281226,0.5331748606577887,0.20820664682661724
3181709,0.01436535134952269,-0.7780815280275685,0.22904594029820344,0.16092498024772098,0.40812128265288355,0.5121117464185438,-0.327251272827073,0.507775300681245,0.4033348976457706,-0.0783829248750514
3454952,-0.11990187442404739,-0.9129987916533978,-0.9696935349801201,0.07910244243598377,0.7297389730933797,-0.2002043751689918,-0.31369831710119245,0.27811283031863215,0.007221352614231796,-0.16280519599128604
4831054,-2.1296531800337175,-0.49492034252793654,-0.7886778375589482,0.7664809762284305,0.8501290809746369,0.13141720905585377,-0.3332359262694803,0.6186458984945895,0.2697188902215105,-0.032101192155354494
2883123,-1.175211141578515,-0.5491966215771587,-0.7317906413046632,0.41545133889511837,0.9282590415127681,0.2553357690174882,-0.20633967655062996,0.8235876548880249,0.7604516531279836,-0.003997976688844929
2945961,-0.14838283592516724,-0.6616803428106386,-0.6276102803679602,-0.10781691233187501,0.8948255666174428,-0.17403640432472667,-0.07794668022932702,0.7143434989727362,0.9460153360041909,-0.05125471333920913
4664134,0.033587937234516765,-1.4997519094593357,0.6701306057553921,0.3556080928513851,0.2871110817852193,0.6931901873250539,-0.30278824963199247,0.014156428864737947,0.33369987334863177,0.11884603028870028
1210018,-1.4412017676576367,0.21688253000391147,-1.0355397662284678,0.7367385551790533,1.470144763976113,-0.2310537224115824,-0.49168863674302343,0.705025840636204,0.6467304295963976,0.09395705731901488
1022652,-0.9005235502337363,-0.17378844590845305,-0.8658628271872851,0.30213144952109305,0.6295754915692406,-0.4200588318689046,-0.050695070186559256,0.5445576285246976,0.4779079696852729,0.020829497599585654
1467703,-0.2754123008787221,-0.4496096386119991,-0.4094724350805937,0.29541113653174533,1.005080890743865,-0.1959447085388759,-0.3337274468875915,0.7826681698180358,0.3136516821432762,0.07386375287662933
2297551,-1.2094174700347684,0.4150874498626088,-1.8954228063812733,0.5826909437904586,1.2697476687511051,-0.27218522267359485,-0.3420287822765241,0.925215063095646,0.5869348635241394,0.02920718200781866
2830267,-0.38682131713202533,-0.063896572073262,-1.0661558251340486,0.20187497333174595,1.128544370076455,-0.16599158300135974,-0.23078053970506118,0.6948396555395585,0.6203356691320567,0.2880772975529271
2918111,-0.9363067445152402,-1.1805332334071525,0.10272672287862362,0.6673188718569721,1.3403930756414753,0.05174576115782782,-0.1748702627626866,0.5158196549854951,0.771078654880875,0.16726301783344605
3317480,-0.48954975732845146,-0.4924268141394274,-0.09915785664665398,0.24788186159038053,0.11139302143443312,0.5032401036576514,-0.37259357504514506,-0.30295916751055,0.054525849012277666,-0.06480505120179218
3360919,-1.250426706599562,-0.07985595680071082,-1.984864360864188,0.6549299561180749,1.7046666363015641,-0.13383346065344537,-0.468661431422473,0.8835753183539187,0.57499710093797,0.22271386472972296
3375444,-0.7794875388035661,-0.14515439926883258,-1.6141721485253049,-0.1305408392013397,0.8739996857694179,-0.4534897518820615,-0.40923896865395215,0.8598291817790021,1.265487680020846,-0.028678905511689015
4408741,0.48361940543186405,-1.3733729911024033,0.4491807094122807,0.00407178720656285,0.12216267276413117,0.9584043723904928,-0.22233252087029695,-0.26151878749162183,-0.1533589810726459,-0.04926113844710082
4847640,-0.28779911197860986,-0.43679122827070205,0.6252766683248066,-0.032314155207143154,0.34107754365529297,0.2533953664719702,-0.2715496344294689,0.6380217197347393,0.39963797971474774,-0.05574476108337115
1292759,-0.5773470104531842,-0.7705271571254557,-1.2842148762373997,0.8274197539342447,1.2270901337550777,0.003702265685461458,-0.3007602549003359,0.7980916450447204,0.27053001422427725,0.09470541243374524
3814646,0.07709743317451313,-0.8420016980078221,-0.9858201920783618,0.5745273166838097,0.9311909830582842,0.12978414806698566,-0.12494726517039453,0.07561272594001563,0.3810388989666164,0.2349851078447808
4440339,0.3632637728167948,-0.568070048206931,-0.7698790970328672,0.24861153591740157,0.8092728530648688,-0.04624492212188754,-0.2466736634086863,0.6787033197164276,0.7433379722467275,0.0913435007555913
4461950,-1.432987572059279,-0.4243223226222879,-0.5574291724971171,0.5771846605446989,1.1589974781460957,-0.3714092034286568,-0.15407993356073083,0.3315586198674506,0.4755273206493114,0.1640615364237359
5925641,0.2102518738435547,-1.4426004183945382,0.19985768014659447,0.1894461766622861,0.6769735643919355,0.5877721772223865,-0.2987513436841478,0.40746604739342873,0.4941148807106581,0.12318979320800509
1333087,-1.5324106227631138,-0.6089732476364138,-1.6160354326379482,0.5100646740049567,1.3523090523378876,-0.4209781250214752,-0.4339291427688081,0.8351599818093557,0.48603744362752627,0.18927112412234837
4492592,-0.39797925918914034,-1.144085648598383,0.231931978641805,0.5508132488143561,0.6628932935608546,0.474449634491736,-0.1660248192460199,0.16241755852223702,0.17675824038771953,0.17003961012221525
5187064,0.20616031463055595,-0.2981427339101629,0.03354647535716059,0.2648012204114576,0.5154507567411222,0.6676394587990915,-0.11826280163283906,0.40933376625842904,0.8911047756246763,0.23903562583205026
5237435,-0.053729894757435184,-1.0585431415985453,-0.6855911262823547,0.34154416576798957,0.6213271884928067,0.10168381087951872,-0.010393885860378104,0.1842127441769426,0.19488469741925793,0.08030765153573424
5351333,0.0972966410665122,-1.3317695608714695,0.0376215166630034,-0.036608794397989176,0.20514429478044247,0.4562580849284355,-0.2209162055562552,0.2715128690758231,0.0004987350009948966,0.056686365061869456
3476083,-1.3580728917041842,-1.1928714128630349,0.3584305390116595,0.33609077497841916,0.3029173153037081,0.6526239774487845,-0.17868957469336585,0.10696021839659522,-0.0021348978329419877,-0.07144483685846867
3479590,-0.37757159251245787,-0.06554264406547129,-0.9385641916669398,0.30345883064962814,1.0015642971624807,-0.28558683987055483,-0.16580671954932263,0.6279568108379979,0.621235535420557,-0.052401656150673534
5018449,0.20150048597751652,-0.8626956901919965,0.20000596088742512,-0.048549391811542754,0.22601383433407232,0.7006584799340358,-0.3301532492823956,0.37027863289354707,0.29093108126603934,-0.00523454378009438
1857499,-1.831110582689208,-0.4022117709277952,-1.012659783165125,0.61262829124424,1.4407901110502834,0.007265652452788165,-0.359830013576902,0.7714098151979119,0.14979376085725501,0.023134880942175914
3211241,0.26807912238168463,-0.7871885487092392,1.2809123253162793,0.4971547074524501,0.9774093159543541,0.1915118603566598,0.08747276128775412,0.24866038995466472,1.0971809994690744,0.2130714643220459
4312297,-0.40799411500099325,-0.6738721405677855,0.21211114166952516,0.23521655218680762,0.5544911475608862,0.5640820268587733,-0.17144075502691972,0.4663741409572132,0.48285269258823876,0.061305831472920916
1864075,0.11430226830472848,-0.15226207077042367,-1.0573583011707566,0.016182645341912185,0.4831398381181382,-0.17983753592877647,-0.31022470520465506,0.6338200397087199,0.34581375850110596,0.24592211963595223
2161850,-0.7126790746750014,-0.9344225247351414,-1.1935295127355112,0.5191149771425131,1.4755082683850345,0.07071284960956929,-0.3111638009183283,1.0849496288042222,0.46504799303413913,0.08510899944407031
2767902,-1.0492198442346725,-0.12889211577097717,-0.3822293580733067,0.7088913667975051,1.3107374830089584,0.3024628643412354,-0.2890547191072433,0.7305190523136528,0.8026378976275294,0.16122746323531828
3637432,-0.9247729310530222,-1.0683750794255549,0.11325133574694678,0.8241020220458883,0.8826070572045467,0.276263660046544,-0.24446727657345588,0.4914514760234515,0.6053254442443174,0.02406051739251671
2338378,-0.8161193172972101,0.04755848063245241,-0.35197509033917257,0.2566752209771055,0.6541746851880962,0.2868950568796602,-0.17419730773081174,0.6566713528413379,-0.02796897554163598,0.20789787963475576
5110350,-1.1116552674897318,0.004396770963816615,-1.6189742869045893,0.7382383872873366,1.6054085782671628,-0.10519539967042656,-0.4827153783056415,0.8836905346015821,0.9329608447043288,0.16997811845706898
2035089,-0.5275589203065721,-0.4077901330431825,0.5935441197065346,0.20613027954339835,0.806174059758523,0.3133020991920938,-0.33398555549420217,0.32017534116962326,0.47252766362651827,-0.11006859156668651
3348635,0.2519119076840074,-0.5816736611961065,-1.740633197001349,-0.09595820655113017,0.8496975449618666,-0.21900598920764788,-0.32736097333568026,0.8943336885197791,0.20566777472339076,0.07917764955403842
3755563,-1.1609077320440582,-0.2880385924932623,-0.11399710452045454,0.4575228568297291,0.9165703224962757,0.167908282379653,-0.34771472638847584,0.6836859488136557,0.4113978119092608,0.07466242298143969
4412548,0.12047940304174193,-0.21519526141635553,-1.0398966264778204,0.22401250755471291,1.29046478195253,-0.27463647385152834,-0.31883717544077667,0.705510853037868,-0.0690247484721978,0.07465964380994244
4859156,-0.8143672800575638,-1.1401835064007497,0.3271737597817842,0.8082076691697756,0.9910640181921753,0.46641357955407814,-0.15184958706565946,0.4116069469620491,0.5249801431452288,0.13505438143769014
4916004,-1.2557425173062924,-0.7457282218702644,0.13672432561104594,0.4250947381052111,0.5478835780566517,0.6430285123573923,-0.3659006500124572,0.19633211025582,0.17794722333274693,-0.129851971803598
5111083,0.23692229279115626,-1.431552735444684,-0.07047915036739857,0.00012040254761593969,0.3560193986583882,0.7092275021866562,-0.22648802830711479,0.16260758202358624,0.26936246357373667,0.06343543546091375
5605734,0.6421222133465659,-1.2757492375615187,0.09184168238997316,0.02314452349204707,0.37363980400259356,0.7196445653867658,-0.27925825964137413,0.21863772579966556,0.5309762001409131,-0.035869069307639084
5926085,-0.2377708253223563,-0.042707934298161686,-1.7318551870626804,-0.17967218395950418,1.244854008347827,-0.0643529772151357,-0.24458288163347713,0.9913846604807615,0.5334132749451825,0.02287996946862948
1030590,-1.2693300364135216,-0.06421592132460276,-0.8518385544403219,0.46094664096872046,1.659212094262299,-0.6573773725738751,-0.0850384153993266,0.6969835653686172,1.116170583622335,0.2560742803930007
1032595,0.0003586687837949043,-0.061592576136814625,-0.6015652084279889,0.3542929715896889,0.36579412958068414,0.49552835635747194,-0.34233699820715996,0.2979400350492291,0.33271902051018515,0.026560422281120093
1194993,-0.12128092627556436,-0.11118364123678975,-0.9287189632369075,0.30200082672560136,0.8349029183509924,-0.07088147209672155,-0.26148253477592165,0.761952808254405,0.8679750065283568,0.13620590728502693
1622149,-0.7742921111150155,-0.48005751906825406,-1.2085819580471062,0.23368390771092715,1.3192944001677405,-0.4661538522962747,-0.3565741823038793,0.9177989657719559,0.4437402101393781,-0.12132403715357754
3410803,-1.3781251588560972,-0.6107531454962266,0.4228550344141541,0.7498979628922076,0.8436197238828028,0.35867178123734905,-0.15890867012111776,0.3211130719988609,0.5105477235661005,0.19174095725021723
5149582,1.1932534068264722,-0.4043351247699183,-0.9312886169255424,-0.2179841355395079,0.2388771545089502,-0.07152045067989801,0.10749419384041886,0.3375576396761949,0.8510122356896389,0.26131188808843364
5381490,-1.0073338019640936,0.8905373901024499,-0.9994965337751781,0.5063876288782992,1.6573889566296447,-0.24301524932468277,-0.06539000916630865,1.1841887017159622,0.5348917778996016,0.18644794309423182
3683344,-1.0931331443490326,-0.2508388245329332,-0.2988112499927088,0.19613553151885713,0.4178688094867384,0.1716225329123478,-0.28223129906940103,0.5783197007617548,0.4402380936326973,-0.0018093102621079963
4071163,-0.2206435235826264,-0.25329182701139763,-1.2528469093588661,-0.027277358060327474,1.0686540834555733,-0.3010516160374793,-0.27091859474574165,0.6179481650693707,0.3520349328475279,0.14626239712038425
4628529,-0.7770735988732518,-0.5031090654902071,-0.08425875930751975,0.4782654441030107,1.0610639233418264,0.19737666131963705,-0.19768061847618676,0.7172473864754942,0.5449341718118582,0.27564228297091087
1968993,-0.5901615445974866,-0.24525035045730523,-0.8493469080417184,0.4084110862752455,1.5017668981240353,-0.15762856419287896,-0.28550083640422635,0.7158671747265619,0.8029329169296524,0.032299968033832824
2817888,-0.5195729659477651,-0.12754965285691233,-0.6822109725209301,0.1857753400277916,1.6473001929972337,-0.05002231937643553,-0.03655729477309381,0.6906936829867117,0.9363388299564612,0.22343457366526442
5235368,-0.032135950136172146,-0.2932434599809807,-1.963788531519309,-0.4009995184266166,0.9172312317605142,0.007712834190393587,-0.42519640853075347,0.7914644683220167,0.12105972249079561,0.12109757756460669
5434708,-1.2474430367000304,-0.46372857010276003,-0.8675611000657523,0.5881308596289199,1.1235995092038618,-0.04145283388613155,-0.18304989397600635,0.5238951517286189,0.5167145479629771,0.05611162118975226
5855716,0.1502415496621982,-1.249632449561837,0.11573286257093088,0.19103507164195893,0.5085859363112334,0.6197099764774625,-0.2574667819554527,0.38296044791524186,0.5408343313408713,0.09754873599673168
1419139,-0.9865348818702361,0.3170667466217028,-1.429287161818061,0.1977243398456836,1.1058008848786918,-0.5437134217929923,-0.19633304434278018,0.9044277978848512,1.2031828191100338,0.029332748316371393
2602833,-1.215107700319069,0.40610721280945666,-1.334119821894997,0.3730823747295945,1.6872699291542945,-0.6636580823591571,-0.12655779668897238,0.7719640786059477,1.133628168967435,-0.07593781076326987
3544431,-1.3302121745859077,-0.3739875115884845,-0.6613067895609847,0.4752152860201037,0.9817496374299467,0.16142829229860617,-0.20090359271348235,0.6178124307312152,0.3035972551892727,-0.07981985132463536
3920006,-0.6462467777837358,-0.08493035970450721,-0.008455829141794187,0.11022400884603753,0.49310302145359447,0.202219296022309,-0.26254643582423653,0.7075075778018262,0.33554029007377806,-0.06425201902380326
2031212,-0.4142641032606858,0.015923182258622284,-0.3584843361475039,0.48548533346449696,0.8363704066586296,0.26972923489867534,-0.2723261940510193,0.3263387770205864,0.13466960609853657,0.04829441887972381
2548732,-1.6056110598805788,-0.4438406352944754,-1.130494480538282,0.6708396836607717,1.4538880325085388,-0.2840741810498279,-0.03146383972303298,0.46850694031395107,0.5030559326978981,0.31603487147075465
1236796,0.806590928988518,-0.6562239383927756,-0.528100826076132,-0.029128277727315605,0.5684278645906394,-0.014049138516342513,-0.17267801724850962,0.7155904305252847,0.42388748887464556,0.05377924913070218
1854897,0.3072788598325405,-0.4665642308141712,-1.3069669153003594,0.3513913187824329,0.5931379788854477,0.17432151358006936,-0.20369898082333232,0.48604637267714074,0.5363291165840234,0.12418968039922088
2696470,-0.360487264401784,-0.9003290623253057,-0.05001478072562671,0.20368973923961475,0.45451147441110556,0.3125277021965035,-0.18512195600942472,0.08825676417043819,0.23287977083134423,0.06541698786120913
2748785,-1.0045321163837615,-0.6659321511097777,-1.0975065398645176,0.8856337336703509,0.9253132643786872,-0.29164785885713906,-0.2583832229660394,0.7486674357708948,0.7678613397077484,-0.028818898922171248
5036403,-0.28664266794874876,-0.8756486550688434,-0.11414917184482176,-0.08606348839712098,0.600634754331352,0.390299323280816,-0.35307500782633944,0.5710920620818716,0.4602948155922864,-0.09274294805600053
5369512,0.5581776283784045,-1.0967321030527264,0.1730844434272612,0.0801707157687992,0.4083199201097018,0.17598150117332106,-0.20977215790531428,0.3639078261626631,0.32441881512218224,-0.07081429735283652
5567038,0.2614160270176803,-0.536879601023024,0.8518763202269941,0.5579344645166935,0.7040533594579996,0.2066538047385566,0.003103950630345845,0.44930058132144146,0.7854820138594899,0.15640838502903381
2432822,-1.2877354385543847,-0.8227748645245293,0.9042885417496354,0.6172209956366761,0.9926410769217432,0.48889645548431937,-0.26273988321760783,0.25382481699625986,0.4124684209065478,0.27227050569422745
2652128,-0.6535228513241979,-0.5507686796495344,-1.3989581535168718,0.3062776644840654,0.9476137794127913,-0.28975764106756474,-0.3254744192415642,0.7746790979000244,0.6076474548323081,0.17733838135317137
3682318,-0.6054182263842732,-0.5500259560471591,-0.13265584192296948,0.24867861666818428,0.598779665983897,0.2884765226306454,-0.35446754615943177,0.6425325877643813,0.12828317264501343,0.11451365776032489
3916692,-0.2858263112455321,-0.6927727427792696,-0.4983327440696833,0.28454918282788727,0.8315323148613356,0.20547353590508355,-0.21653644960985996,0.7103702901861337,0.9490812647239583,-0.133894573788857
3918193,0.2630544689069163,-0.5955136900555222,-1.2978136379437282,-0.22357117451702044,0.4146833148698045,0.05510705980971139,-0.4311272676322522,0.5566171369438282,0.3825809696385239,0.03253041443067522
4242118,-1.1255707364223828,-0.5720055101002127,0.4399023388824481,0.6310472779911545,1.075417245095233,0.3271112513141269,-0.14844404268428785,0.2695733658179499,0.49846194819189127,0.03734798254433271
2854048,-0.7452144145472626,0.05137359819165899,-0.6863308124294053,0.5962342276260256,0.8596284234941292,-0.328198887536304,-0.22110580004171052,0.5735673220256016,0.571129300185044,0.329307951082737
2907539,-0.9173868821586865,-0.9380807294500842,0.58852128729866,0.5204679792504698,0.8926420519849675,0.49184739716475917,-0.33550808308741586,0.3050231526286113,0.3122802745138335,0.0010851646838730866
3733522,-0.9626407426367786,-0.9238528094157353,-0.45489575033908713,0.19542013180217005,0.8221432902368538,0.5903932730421847,-0.2528790315528614,0.7329857776420962,0.7127855651640287,0.09114685761233199
3971376,-0.806742728505867,-0.10982228321331795,-1.3934878304778828,0.5132682286625733,0.6603833347580966,0.09559157658891963,-0.18199495437802293,0.6797991632456677,0.8112239964847484,-0.1335097369675664
4200307,0.6547565508851086,-1.0653359495769434,-0.032395716579911235,-0.015489744559262627,0.4760973218669179,0.4061421517332652,-0.22403563895478007,0.013540572636081633,0.08401975666710623,-0.040113558147863666
5718678,-0.17831801521514742,0.12726640735507216,-1.7899947557038396,-0.033082231346717304,0.5654212484042292,-0.10348417065180777,-0.2593324431832365,0.7625683808474152,0.4868306951982732,0.25987896607039185
2052454,-0.3988118300465841,0.032050942868505024,-1.766393418087284,0.2072988964334673,1.0002559255529913,-0.2123723164314037,-0.30146565322497115,0.8108905216751271,0.5025376274165388,-0.032321131967088676
2835285,-1.995996209712592,-0.5511166262012281,-1.5287975759259498,0.4057613776590556,1.8062580955185512,-0.23836893938411832,-0.31563400871619196,1.0526554261275622,0.16401829555811806,0.05358107926226899
3229724,-0.38976252141693246,-0.47562850889393626,-0.3168457550204104,0.03023644153077035,0.5889945385418351,0.08229325733058633,-0.04406234550110631,0.7935140396587724,0.6676778068176251,-0.0348097869202244
1366347,-0.7255334399078286,0.5211546587237149,-0.7448123530364152,0.3471460521380444,1.2081611513188852,-0.3046449107892937,-0.09782957690354734,0.699349667589359,1.117431728950094,0.3255352755841794
3424711,1.1835945003940112,-1.3073219600862653,-0.2867397080015733,0.16986509099825478,0.06006702248871974,0.6544837745791519,-0.35329635772462625,0.2303736218871968,0.5317615878834691,0.10433502484178166
5482682,-0.3857276039206901,-0.3845383273211427,0.19969592628909236,-0.04157370264743565,0.47871382309326566,0.13989865342296312,-0.3159370539210315,0.5433652511130982,0.28775653025375403,-0.08789340060079247
1164406,-0.1973547115933326,-0.8805661536498411,0.46301615412953195,0.5435804585245004,0.5550525847894967,0.8133833143210141,-0.4350288315342599,0.296124369962675,0.5380731281131568,-0.03051928026905927
3414926,-1.9638757142243923,-0.722141825656789,-0.06309803510021936,0.8113207708301987,0.6521803964316051,0.45019689295022935,-0.25270992480844967,-0.05705673650561317,0.08006764474129818,0.08960745358864872
4665012,0.264036599403767,-0.14531659502637811,-0.7133302989260626,0.24483323513920255,0.7977688993191336,0.08877971815747669,-0.20793472677073935,0.49287454278933285,0.3347055888165313,0.059985194462247066
5746717,-0.6092508148823227,0.06396920717545675,-1.1079163985162774,0.14433882071349094,0.5120097509131961,-0.2046560358345935,-0.33837133138833664,0.7225591748650598,0.4053114541829876,0.09690117266619691
1002924,-1.0247808782504118,0.5862504672234009,-0.47155472303428525,0.1831565267552268,0.6767698492004934,-0.018265269630642306,-0.46135674802674403,0.6875936097603463,0.5542796822910315,0.12228666060559748
2594786,-1.971700801309501,-0.13850483856021262,-2.0839348083553544,0.7620447722232321,1.6139904515753538,-0.5681418290108919,-0.20180334533086397,0.6760384930143394,0.9879007355666987,0.11537292301537606
3002027,-0.7655188746733359,-1.0951314999499489,1.0667369802373055,0.6346313219705242,0.49843979508135894,0.22599107069473126,-0.17498916093400868,0.039799282453158176,0.6890342123125918,0.32132061047901495
3641011,-0.6412062008400781,0.05603609974964602,-0.4687665380621407,0.11918745288241808,0.42327413025196087,0.13802705085028957,-0.17691905589976942,0.5985949672819083,0.36666879535323654,-0.07170956454090635
5283892,0.09792727971929924,-0.28989610018460277,-1.3414356656879391,-0.06542202715509833,0.3268450489334467,-0.31718641609344983,-0.27080782956413524,0.7837524327424421,0.8205631441087153,0.14696747353039988
5668579,-0.6376150425819905,-0.747653344773668,0.21767158712836443,0.4870607710703871,0.43424642893878873,0.5703008867746481,-0.29340773490335814,0.19733231064954984,0.3245572010391936,0.02273068375432331
1256036,-1.9710340422907506,-1.319374236952946,-0.8330478810539568,0.22195330427726007,0.5660091492397894,0.3466145565799722,-0.3196396539203671,0.13023756521359295,0.2364476746622536,-0.2363441724057672
1248902,-1.4627099741327547,-0.6406424865393204,-1.870947716837579,0.3756623556415829,0.7178924104308552,-0.0716395661425754,-0.36503231181695733,0.7999028967218049,0.3903582944499272,-0.010166129710031356
3227028,-0.5576772750661617,-0.9062766194393999,-0.6648686711330124,0.11972128080285799,1.003891052084559,0.20043980397443448,-0.39472259488512124,0.3570112623556365,-0.0760865154421786,-0.1005191072655785
1408332,0.25332813168906254,-0.7048672735122142,0.11678906433671526,0.25928100361327083,0.42452623952552526,0.24338703155385158,-0.39198257022775473,0.4136128324370089,-0.14337749199286676,0.10254592793568554
2405489,0.013799651182398903,-0.7384444139593854,-0.4021530281441347,-0.21169450013478766,0.4807911440260417,0.4981669507401754,-0.20336780745778657,0.16737580422357312,0.32446909180010186,0.08215891286645904
2685661,-0.2822744697705312,-1.1447230575015195,-0.1592587802365176,-0.07356667361479213,0.19718477025406872,0.5361586588514026,-0.14067639213301242,0.09354560104321173,0.09750654112267307,0.08604508863661685
2860027,-0.39003403335564574,-0.7350604267480226,-0.9857768087496328,0.19687016834227472,0.24765800400195792,0.5798875938999112,-0.2844001462093594,0.008640599905580592,-0.0033953172888194303,0.2131224859191197
4449584,-0.6437395650028994,0.2667913779423502,-1.1334709581745366,0.08725665028560341,1.0304559423003823,-0.265285731478131,-0.2600077259403652,0.8335781753259467,0.9254064645004836,0.00650730666723832
5701432,-0.9637082462531827,-0.11151613504075418,-0.8472334604389866,0.0017270372542445545,0.635569061975686,0.24124335130245972,-0.24354625409135003,0.5279255142787396,0.6573864788831149,0.21353349533483987
1149478,-1.0723878054387312,-0.6757123279199994,-1.2964832173418186,0.9599240529330778,1.2099427658758155,-0.019160432703633042,-0.254862898719833,0.6658593953091966,0.4273366075235745,0.1683894713073095
1430741,-0.8169753021615125,-0.7732963671607038,0.2279177193630318,0.6402756712690212,0.8279602998441365,0.7188495397014388,-0.44202929539988167,0.5130623372539747,0.43501678522231396,0.03360148852663332
1116164,-1.5969833108226044,-0.6767155638778645,0.07281581286829189,0.4230688313411253,0.4165692540915844,0.1507751166832696,-0.3957580268048111,0.49238468998174556,0.706497709554453,-0.05051258508640554
2016193,-0.9249755918664315,-0.7276754198196522,-0.5744868008229378,0.18037050541405403,0.7887141535799451,0.25437080526542244,-0.2350826726968088,0.171210724717052,-0.02665455102675345,0.10129057245084631
4859545,-1.664721166428685,-0.6306294192972369,-1.1120017402301061,0.98861192594257,1.615736070733121,-0.10258923906773577,-0.40455883421075867,0.7838353825377014,0.5025240655188825,0.1797515522168714
2735026,-0.4513913554031463,-0.31372530855340597,-0.6636076496927822,0.6280586458462943,0.969537973456936,-0.3042843478945999,-0.21438611902055105,0.5836249566468571,1.1632116782813107,0.2385930004316099
4402391,0.4393969798030265,-0.2767055216244196,-1.7597152921406496,-0.034619678930897214,0.8256957622722363,0.10649795448200973,-0.3218788802214024,0.8185155485140353,0.4970576165886614,0.07213162911645522
4686245,-1.7773324927243765,0.17504481400385585,-0.6726426226877443,0.45874327664611286,1.343951200058565,-0.1530568808769644,-0.3219533260913153,0.6600438986060404,1.060193338660358,-0.018066634642403573
2095083,-0.9812101401085046,-0.7881639503055395,0.03740576724290688,0.4257373900467951,0.6594339553715297,0.14207774507296078,-0.1427432870315699,0.5313501415058575,0.42992083770110745,-0.12495911506466993
2534481,-0.3511513797580675,-0.6026694301800866,-0.43895175505807854,0.17079250256592182,0.6368443555130682,0.042740551414866934,-0.240931780268877,0.45322665382438043,0.503347353402048,0.11791645300932228
4899009,-0.28335489515987305,-0.4989041194028531,-0.22758469407612278,0.7120332382850392,0.8004351132443142,0.17370310685379586,-0.18550844960983792,0.1949399159794089,0.14389618295883624,0.06476732580825488
5087533,-1.1444674763178015,-0.9391553250356123,0.2948820271521911,0.6250386815808704,0.7133514684818333,0.2602152782025691,-0.020178966307842227,0.29098150019266283,0.4780410952022867,0.2142742786164789
2606925,-1.8656542599999348,-0.23091537466451484,-1.008506958193127,0.12869848583054677,0.9361280428841108,-0.22299113864766165,-0.2357502974479459,0.5696564491144283,0.5981578426529759,-0.23723672868829784
4088603,-1.574348781824984,-0.8067526815972802,-0.41566075396784763,0.01882740972313707,0.6511070557960085,0.585845850417647,-0.3512427060813117,0.1970000973120356,-0.210079808591493,-0.06549380971438587
5869377,-1.915478021094832,-0.7973850528601675,-0.9709134471395481,0.231248598336053,1.006968651962645,0.04381748209380338,-0.40922793920415335,0.5550441078819816,0.2481357412454981,-0.07273486715993827
1765814,-1.1627014983438642,-0.4544973724148437,-1.180453898946227,0.6218933923359524,1.0023420532951697,-0.22413126405870315,-0.356814662602499,0.4784834994487944,0.3856608901003882,0.10984116679746686
5168040,-1.2240642831973483,0.5702091558845692,-1.3055762761313763,0.6105955278217198,1.3443632261996863,-0.7129492639560651,-0.2694988927333413,0.8579367215493511,0.9456489558282128,0.024597982273507027
3807567,0.27889858894165614,-0.8376427730452138,0.02195542668507844,0.3034864253667835,0.5870876982554091,0.4506691989232612,-0.15738837114617807,0.3752174722467262,0.5748198289441413,-0.12602887048014233
4579855,-0.15398798573161007,-0.9386315556271546,-1.9301811463690663,0.10558994201674739,0.5715353096586586,0.05828221564710411,-0.041829773766486514,0.36888302059917416,0.5997250236926464,0.1829962628804075
5924138,0.024055677474268903,-1.1252430544658212,0.2786623830520008,0.5682357800147904,0.6800795410603895,0.4411923246188712,-0.3155346589855388,0.1409401036653841,0.0740810243815099,-0.036014444259489124
1784093,1.3210800496680883,-0.4763350625764642,-1.8602794511912357,-0.6854069113517898,-0.03695632439886766,-0.10768676427477136,-0.22551062436891964,0.4154504706173539,0.5052035883185855,0.14473830194252602
1828062,0.8015775990069524,-1.0578594663210292,-0.9920934792419223,-0.08134596560355258,0.6894777229838965,0.12028084673981039,-0.1513360950454111,0.3982832800709156,0.4173934876832807,0.21046109427417697
2561798,-0.44445802826209774,-0.7715788607081457,0.12326623056294385,0.7067296673541142,0.7467785822555996,0.40387309490363393,-0.11216240009553417,0.16680010702180245,0.6565463527338572,0.31912647928584054
3054960,-1.3415950814331024,-0.021202476065194552,-1.3025199629635276,0.424891808795736,1.2835967107674426,-0.08637802316366269,-0.17337721686898505,0.6677537624373054,0.5454090348257667,0.34976179721790746
4528649,-0.5423446485059,-0.37949693345512164,0.008901092687675886,0.4648337228921819,0.699849098913684,0.28537997381545627,-0.3624450262841345,0.582734925726577,0.2535667948101889,-0.13950948005969144
2479773,-0.009371524302922742,-0.044617304470422475,0.35623002966689893,-0.12332935237854499,0.5238194424249213,0.5034402391058035,-0.330755247932108,0.6102830756430548,0.40492576504914907,-0.02602150625088172
4467323,-0.6846780293684385,-1.223933323883613,0.7179687175366091,0.6771612421250209,0.6754198211183627,0.7119354484736437,-0.2834636047748742,-0.1018540847000443,0.3688439826325331,0.004137798771975885
4971250,-1.3091410973798332,-0.8405127436946925,-1.4836399487275753,0.30620796711272114,1.2714600727143892,-0.12379518951660103,-0.3359633658819024,0.7603490416284222,0.5419095210843133,0.09325843025067858
5049871,-1.24720009747942,-0.426841097591398,-0.9494160353650026,0.3901236203262974,1.4615015690776012,-0.28218078947523434,-0.17030450865864682,0.758062614507357,1.3115468770446856,0.19962637342281597
3371601,-0.4369491551494596,-0.06767137599174079,-0.10165460069778254,0.33574430955941836,0.4606942995161837,0.2352069470287651,-0.17430730820930435,0.43614460284217016,0.18579476947143692,0.12343218501014992
4002882,-1.0780374650351625,-0.12343631745404442,-0.7193145372155336,0.28442036359472017,0.733765639552686,0.058696064687777924,-0.25234137399431,0.6723481276641076,0.5899247575871647,0.15748255995944457
5742083,0.19271142707594935,-1.2915164739191607,-0.10105547035011375,0.34048724881464754,0.6668656129105046,0.6577848130745294,-0.08814723818147341,0.5214236427939491,0.5558544097591511,0.08199077514514719
2588643,-0.7226057167034141,-0.13094071766358478,-0.3991762954750816,0.22245976735267245,0.6271919063742782,0.010003827816458597,-0.30011700436580285,0.6904204148195306,0.3159279021431524,0.11234121013635066
2869376,-1.679525058206295,-0.10153891892167406,-0.7336666575278272,0.9369112177915891,1.0619391239618965,0.13403063818010305,-0.26556311356291445,0.581002399340279,0.59132495210457,0.08919583391406755
5518841,-0.3843951211569482,-0.18463486332713583,-0.6755989800682317,-0.04279200381366006,0.577235402686269,0.10703530502060658,-0.3890137769429993,0.7016901201540882,0.3608751880059753,-0.011826029496757389
2494255,-0.18311233189772944,0.13203267339074354,-0.9920519357683223,0.2747775296165168,0.8312247066415909,-0.09050423744392676,-0.19312880592304876,0.6220653162830388,1.0756256454042732,0.1655490895626407
3144466,-0.5590225202453094,-0.8439635141742831,0.9112927136654929,0.3007997689932839,1.039312946156873,0.4930034411111786,-0.3415669755995966,0.6019626863500345,0.44585766295769197,0.15523519954266324
3260641,0.4225098495095173,-0.18644513961932416,-0.750656780032561,0.4750841619954489,1.0005998416183604,-0.28906616365645316,-0.1482313988550615,0.5817426236245831,0.9302316859361105,0.3101828573433207
3637390,1.2094109230485768,-0.43146718632498365,-0.23727447720757003,-0.32760320865312326,0.18468781781375404,-0.003045460620326539,-0.1226573534307756,0.45447864106181923,0.3131530300105624,0.16824604973814739
5902357,-1.1777559632535317,-0.22376547076423015,-1.4246645619572673,0.5183120270489732,1.405558449168744,-0.3858036902801451,-0.06640831987345547,0.8567161060922807,0.8530720169329683,-0.040285249461737394
4367348,-0.22653168435669271,-1.608272321684854,0.06205659444349787,0.5363371274580192,0.32836954493553916,0.5998547264644476,-0.2493316075790096,-0.04300791830136555,0.47301446223489274,0.10006436348480277
5362894,-2.204455285344508,-1.0391353072332106,0.7083162956190656,1.00078407379885,0.9120812870263382,0.5083375389081775,-0.30189497416869554,0.3090540961621385,0.36018352938577813,0.02056824212302709
2573297,-1.721645295240855,-0.03731578702754825,-2.395512998644533,0.35629909952641753,1.2470423532974675,-0.405728193444629,-0.11020915464457345,1.0411598173667833,0.3657600410863215,-0.058866180944661804
3055934,-1.8908609462440442,-0.8306672044658918,-0.9808231670478068,0.6025610999489149,0.9775317409466207,0.2871642691716973,-0.4559486255533068,0.49669827300414277,0.08658887889126547,0.13370416776860805
3771798,-0.32883483945709213,-0.09110526867363712,0.12260958419882051,0.30044969843562125,0.5950360673125775,0.3023362799355155,-0.30311075637877516,0.4090744271602169,0.6123566017186087,-0.09918534951435402
3817677,-1.3510270138954517,0.31259110211586927,-0.7443243510149151,0.5830916474422616,1.712348858070458,-0.26501730952884844,-0.4210637156981569,0.7861095919796277,1.0447161273403955,0.10703794577005582
5007591,0.0984318270173797,-0.9138120307075,0.7905780668826018,0.7262660771596855,0.6536155995530835,0.23946235163540194,-0.10727105232229577,0.28576991317298084,0.2681520783875454,0.284887377024099
1158412,-0.08983236311600683,-0.14353480797168205,-0.09470316242379438,0.6868431860420968,0.4319244616751456,0.14451860271342593,-0.22597077196276627,0.3401382137617701,0.4985183500994664,0.04848309792603233
3021202,-1.0481270911790874,-0.958089574936625,0.3998928476974721,1.0636248649074957,1.1792547374913491,0.24826541539881875,0.04513571316184737,0.0036049791227486536,1.1147036172353026,0.27527273027864807
3057314,1.1754554224782896,-0.9258705043975162,-1.0718808542897789,0.08902410347066757,0.49631199851713065,0.4057298094858905,0.010601952487373952,0.401677038383408,0.6499082878332963,0.17717931199949977
5264934,-0.32276851325736955,-0.10207255947416256,-0.7014534088923372,0.30827916112641907,0.368102422747827,0.3158290437963275,-0.45176242931957916,0.7161746680702804,0.4992519440125247,0.09379220793377373
5590910,-1.3654999740390694,-0.6420315903334547,-0.027268226839813666,0.2428373582931108,1.0708992269446047,0.0004639128697482749,-0.2033120948087827,0.6407099559349729,0.4404641167378355,-0.008301221002391683
2862752,-0.7859492951650321,-0.03995079875107466,-0.41388047466410954,0.31011480930401464,0.9923499103270141,0.09518253397452493,-0.27105844403662593,0.6764311135494812,0.6952069610186292,0.04686441869403223
3911669,-0.9007948996532049,-0.2057268101883256,-0.15275211141505823,0.8244881190256969,0.82052013465818,0.1673725259233735,-0.041097450995398264,0.6771466864667324,0.5739122628004933,0.11690210370489197
5073746,-0.04072216583327318,-0.6601065824779876,-1.2176154810514086,0.18533583479472687,1.194851113620993,0.03924556858345923,-0.3054617975956523,0.7836423165058692,0.7953097079070127,0.2137004009992414
5138923,0.4560457920385871,-0.4417686397421439,-1.3488794003009676,0.23265579152836063,0.48548544704729846,0.1460949162127874,-0.16356490711996446,0.7126446918535253,0.43720945230819813,0.07711323057897312
3123889,-0.11383778328843891,-0.7325380855347782,0.25416721949546256,0.3158251609445457,0.8492824573946336,0.4844810320721236,-0.26583538535532747,0.5557198083058259,0.6306659897564562,-0.05168068472223009
3232528,-0.5826653437663311,-1.2421547992977897,0.0057777923740990715,0.06760064243163832,0.3939909845255905,0.48835755164931965,-0.22150982186215937,0.08517893249152465,0.5114339671132582,0.2647294638116843
4589610,-1.1966282987037102,-0.3185154256475976,-0.3020678873853699,0.20127008181626616,0.20865659696877734,0.2870936667894811,-0.35809143640165436,0.5121532969815696,0.6248327602404588,-0.023730416349111265
4722280,-1.3758064972077948,-0.3497555377369564,-0.021430280076334924,0.5908750949786342,0.9651517762862354,0.21209522393229932,-0.2490725074483897,0.6796823758243093,0.7751385080079971,-0.07068644308892812
2835706,-0.835255799758902,-1.2598295524155305,0.12120147669247407,0.31910403958620703,0.9284814613432243,0.4213157203694362,-0.2866181463871578,0.3966540119692281,0.5841133473350694,0.06807815876200199
3727268,-0.2878756577040761,-0.35935535944610464,-1.3657813983718978,0.463035488746843,1.4995089218146571,-0.3980246136920172,-0.20045833055442994,0.8131480447307105,0.9153493406003292,-0.040541603373846054
5114563,-0.49375673732451086,0.020912559066400195,-1.467647719709241,0.3046320111906113,0.8360052612935073,0.06681858182747165,-0.32104124357704295,0.7604040139231857,0.9650919177155203,0.2706157639469001
5562345,0.10737928290709647,-0.15436070155691767,-0.9349842864847001,-0.04233516487253011,0.3908647883319123,-0.18062863018699307,-0.20476460353013418,0.7274333650343536,0.09224495254027168,0.09465448126367847
2770103,-1.3236852778880004,-0.4742583299683279,-0.3408655088552019,0.3371662984722825,0.9148259766624911,0.3343717668210742,-0.27063343735267503,0.7537638245780969,0.5703390645809653,0.009381904623043977
3207264,-0.601592394741085,-0.13860869871911555,-0.768943965850316,0.38450151596597704,1.3851176443073046,0.05676808304555374,-0.24839710353296748,0.7108460436617207,0.5017388842664016,0.11947039668102963
4529874,0.23430065450028498,-0.8664498302916586,-1.5900866534542712,-0.15301824034717715,0.6737978133593662,0.08041025032901773,-0.14986753320640261,0.7727221914806306,0.7838734119805699,0.0664483958954262
4832390,-1.2924404107390193,-0.6002884405631393,-1.9089684166791612,0.4341216844165687,1.437130641549557,-0.044739167193468814,-0.7322243776515731,0.7633131783024263,0.4643833883931827,-0.04737816880812338
1556244,0.14720583291918996,-1.3494518054173346,0.3863060379894209,0.0641971008497675,0.6426760600091471,0.7315688156275105,-0.1631262321149106,0.39759222111352355,0.46373832418037,0.027818739977118204
3051592,-1.175058981517405,-1.2124958161350743,0.5529176379575215,0.7261241226303037,0.3664134119743902,0.7384278832617113,-0.11253647331065496,-0.013060038822108013,-0.11643761010385976,0.09662121276922005
4686872,-0.8208201130547783,-0.5982883448462265,-0.5080396284401539,-0.006715745640585286,0.761812705772135,0.12524485824682258,-0.2689527039803909,0.7086052223448146,0.5246134000074132,0.0939766201565553
5054636,-1.3970562250566034,-0.3643028924742806,0.3115424652280979,0.7632459204762463,0.662576824848958,0.5938967903416431,-0.478981017666741,-0.09740869858580843,0.47483094208268883,-0.07831537441210337
5639225,0.25101830346701953,-1.0262584298515933,-0.13211626282564382,-0.1100177553986831,0.2924038511251812,0.7122242227604467,-0.25615027673021334,0.43065565923872434,0.26282164897748045,-0.1502773897443934
1863240,-0.7887880081442166,-0.5146235354250961,0.2815359520613781,0.017283019200190465,0.7843491281640891,0.23090654647403805,-0.4575117334722015,0.6768147021807548,0.4746489199824878,-0.15855693299092105
3564998,-1.398380909803674,-0.2766541584879293,-1.0108547849017042,0.6493399166399256,1.2047708981207974,0.03758117761717351,-0.3659242309426665,0.6529674027042796,0.45200501692872463,-0.01757021909641098
5116604,0.23522291969799344,-1.046987458991189,0.16524254556017434,0.16604664045314574,0.20903554873102012,0.5306648690557314,-0.21534678596583337,0.3263128454010872,0.5958688565709128,-0.04092132555361825
1276976,-0.9733880217792413,-0.43295197754021614,-0.11528858291526378,0.42391087028551383,0.7252452609676989,0.37706927019444914,-0.2905344311791804,0.5013200138346228,0.5867080528656706,-0.14149147188907735
1544800,-0.32677781902123615,-0.3022973279460885,-1.0861504047374406,0.13264817680063315,0.6184940270640719,-0.2649339935008792,-0.2896277853996145,0.6189916898590629,0.3452417695993543,0.1187279343189075
1768037,-1.0151281302354296,-1.078870744900241,0.16103996380233074,0.5092680197097894,0.9733724789677336,0.4242880644105874,-0.25628702813301824,0.5468212972353925,0.5786784367390179,-0.016120337387066457
2071659,0.5145366901683518,-0.8204939055153704,-0.0033720343018026305,0.23041150563470286,0.862730174621578,-0.07754406882447806,-0.2798326923537769,0.5653539826808757,0.39027860026723965,-0.0021961365349356305
4762587,-0.6894271311324929,-0.5796945603047501,-1.7193287842144305,0.6152915847556208,0.6402564214753177,-0.23123482128060752,-0.37543690937518165,0.73523441278073,0.2660668483691224,0.11592562307149924
1739103,0.20555221326098105,-1.0827719273229655,0.39186661167772197,0.2886194339420342,0.4277786992128289,0.56852197341814,-0.3565841551514747,0.2811906760867403,0.36888497342686855,-0.12871657293734903
2504368,-1.0170857931462651,-0.3400836329869159,-1.8119206230512264,0.3592183421261608,0.9795144100153196,0.024398746353882946,-0.24965390483242533,0.8898718200220801,0.4891373687511891,0.2970873828457906
2660462,-0.5803616865148077,-0.32684556006080306,-0.19689874406021263,0.568575696666017,0.4446109346498712,0.5744742318190873,-0.28206363944128016,0.3882448748641356,0.3938171472494391,0.13954101347078035
3234266,0.4799169401241203,0.25303840399515926,-0.02483158598657142,-0.1537614899321714,0.3225900040919495,0.23887881462340835,-0.2717510150791694,0.600796901831684,0.41683710201322277,-0.07750809718399175
3578806,0.6443021280943962,-1.2277288689675392,-0.07844170828994892,0.03736092444685782,0.31108558344719256,0.050140535008548245,-0.30424328084366453,0.3307592845859163,0.1056991562034837,0.04569257987580448
3629456,-0.9946745234705042,-0.42897924843261703,-0.2517852722643771,0.21896041526609442,0.8553890656515167,0.2064367681203082,-0.2576989787275508,0.6743967964966544,0.592471398630162,0.2854593489438287
4134422,0.01264846418935454,-0.3440917812205876,0.6210887502848539,0.19549292034892016,0.2705132701343562,0.557952644620028,-0.351814490045198,0.15837100913822633,0.5276490471589891,0.050795040321975744
1420138,-0.045086536819127644,-0.545338148841528,-0.934485012497631,0.6015899053777032,1.2969537262300395,0.11963101841979497,-0.26191940676527936,0.7204897054751696,0.41133298782156624,0.1025142758715081
1455958,-0.5675700571710985,-0.41445903656131705,0.8239916255273521,0.5179405091720992,1.1686556891939748,0.21510976229634196,0.20112670588798578,0.4718392150550205,0.5411346754137312,0.17737157165777803
2016096,-1.7060395328340077,-0.053181184998515374,-0.8580332393203921,0.5567773434946144,0.6614298577016678,0.08534353264556074,-0.37444808141535924,0.5240153274003171,0.2743942523330807,-0.06560901059046428
3225467,-0.09782701107418162,-0.5882334486721904,-0.23957983223788262,0.7630120840395601,1.0129970027670632,-0.19091390046706255,-0.16494319215124492,0.2833562859945706,0.3655312169510276,0.031771189508948486
4679400,-0.12715489143398503,-0.17011010667926718,-0.842896735834423,0.013838218495528007,0.6229620658789092,0.08919341580130959,-0.20586356346763718,0.6679435413540358,0.1436977135098268,0.4009495110094769
4946749,-0.22221537707030506,-1.0919034375095864,0.16108604629568488,0.3480076894171794,0.8301616292656592,0.4916114205153451,-0.12461646745212912,0.41240203265899317,0.3343342276903642,0.08340114918326097
5332427,0.3922217838813029,-0.758211395194081,-0.6034126787882935,0.04093716626181189,0.47283938678731935,-0.024745317765952016,-0.16373589696094282,0.6544627163506533,0.72367034567471,0.26047329956908716
4150682,-0.47659850415161353,-0.20681838269025205,-0.3127446173745034,0.4142960525473363,0.17779268171641563,0.40870980905547544,-0.3423401439162194,0.4093246306540854,0.49628829338533775,-0.1357910673725681
5667768,-0.9996845300561601,-0.8120882201787332,-0.8608515929725508,0.6276473395152167,1.1859301727772615,-0.08875663870592303,-0.19934587062627088,0.36828643410408535,0.40952086600628135,0.16292277540131594
2310335,-0.7787807184972714,-0.31522479018933924,-1.8501997651586854,0.3538457648835426,1.2228684163779058,-0.14213163435426313,-0.2763925193862209,0.667983361107854,1.2410412483542297,0.11638297705368834
2439900,-0.2081891821312543,0.19975370866840356,-0.8693196311238546,0.5894260645567855,1.25760858704265,-0.16558214438770888,-0.23767799802135858,0.7406819088711717,0.6746554806011291,0.12818936106963477
3445456,-1.212146501110257,0.16219203420147388,-1.1923899574119758,0.9209537351134086,1.6627334105346547,-0.35287308920379645,-0.2797539002061756,1.1502901828271488,0.7362741291509687,0.17349925679309186
3904812,0.47377559404972014,-0.2822285124263438,-0.34308205990306895,0.18767736932418047,0.5735513873695098,0.12002722225991216,-0.08996456703471013,0.6771806592062717,0.9285956084171458,0.2637517767623808
1269542,0.9000962312095527,-0.22505130997732167,-0.10210251601968652,-0.4073929200513853,0.11678336951834926,0.14367117805395974,-0.2339152094644591,0.46777404994045485,0.3554939241203198,-0.05095622527707629
2045358,-0.8563590629553346,-0.3081416841979648,-0.8100337182301521,0.699132784337098,1.0618927517499792,-0.17679341234389495,-0.35454380045334866,0.8993071002914034,0.06231141187683713,0.005372125923871848
2376616,-0.2714375045538387,-0.19083242780464915,0.30165003206620283,0.3645884939840779,0.5696649761071622,0.3443337828136745,-0.18708287259594703,0.4744027920565583,0.49202380836881277,0.06423633685758129
3002975,-1.099591218528971,-0.6981401086333744,0.24618073934909565,0.7630461907683771,0.49720665291091537,0.6390552281428834,-0.4009822668388462,0.35979539626900847,0.03819992181019742,0.07283522199461501
4182729,-1.4974648105980253,-0.596894547189028,0.18951280149966085,0.4379203984652338,1.4734702501827266,0.11476384498924867,0.03764582160772893,0.24593534285046229,0.11791312327943135,0.05821260578611888
5938082,-0.17004804106383845,-1.1501032001225016,-0.144006103399459,0.3261049088408226,0.11269531267765544,0.7363518046367564,-0.3493592671233048,0.16100739719334822,0.533111253437488,-0.03262494984334507
3337595,-1.4541690812411152,-0.299280100871398,-1.1481547944176613,0.36182854771150963,1.2374818640416023,0.09209011872874422,-0.19596626394113603,0.6622575273056079,0.6240986584901467,-0.0021378252776364385
4803729,0.24933059447308892,-1.2085187875507335,-0.9994300910544544,0.021322266207985153,1.056893095233586,0.13626589614992246,-0.23468638499539213,0.5693015234973628,0.6568497777704768,0.02997441945862059
5330954,-0.7265500774553391,0.1353715080980872,-1.1559043960952236,-0.19632395673935743,0.8540503064688096,-0.3284185531175479,-0.30666527082565453,0.7168328424187402,0.6727017521938657,-0.10271218343552826
5483042,-1.816016124104048,0.0168554074174064,-0.45998608115134765,0.5045618345776026,1.2725095559304855,-0.10810868593168782,-0.3843355368540142,0.6629426243269061,0.36186855051280103,-0.1013414050693709
5766439,-1.164428050727411,-0.1636124435714798,-0.6857394360140222,0.07605382230658359,0.8213345454037325,0.41418229287104114,-0.2154439924668363,0.671689105545314,0.7045551551807552,0.12377442967831269
2553419,-0.15957540377732252,-0.20122469306612212,-1.5284323280722427,-0.17543489666378556,0.6469683346132795,-0.2707479056054578,-0.2600603300362952,0.7733400808762937,0.45960747579859884,0.1604108018028873
3370979,-1.6903752547283901,-1.0040564960930052,0.26367474418531744,0.5888362408139725,1.2307558129961256,0.12222980304602463,-0.27402552652605505,0.608019658911513,0.4313535584085788,0.10464462323183442
3676624,-0.29673504953736524,-0.800406008510164,0.8343346169758893,0.42602776684301075,0.4187890135724057,0.3195574551475277,-0.11625345357513765,0.2253288815352002,0.1926794274903555,0.26156691707053326
3944602,-0.6521930940422712,-0.06010395521860539,-0.9202424737188223,0.35041634854229253,1.1178370928105195,0.004108834889291809,-0.33771290200872545,0.8250127135694748,0.5892399411845046,0.10036222392800126
4130790,-2.0183883992000435,-0.5672533289833939,-0.04458912730847552,0.7437059808941032,1.1907143378142635,0.20203314661777264,-0.20098973961698924,0.6564416269166041,0.8573807281601524,0.21427051116508702
4261135,-1.0457455477619686,-1.1483440878064852,-0.3544083916682511,0.7415489653853385,0.5989300014577225,0.7290478418163129,-0.2772021373492491,0.15770232777628435,0.12394870631510026,-0.10529492510300621
1219718,-0.9127918104145017,-0.6393852271895761,-0.8603933354909833,0.7972059966202342,1.2222404966830926,-0.1552552715048283,-0.49143660559834534,0.7540341804859737,0.5387970070416749,0.20237486684224593
1960392,-1.1147799106505547,-0.6475830925588263,0.6505909436868971,0.9778490069669166,0.785386716940753,0.4713493932856896,-0.28836533167884415,0.061844616175224874,0.364290799911216,0.14231695553801563
5148369,-0.9704551909808921,-0.6503151324031803,-1.9749218102840838,0.2759554181671378,1.218812966084974,-0.3850002507026123,-0.10686451184235417,1.0816017979146342,0.6618632334833887,-0.12985676090296952
5433667,-0.22867274234308974,-0.0866043885935589,-1.2470611348573641,0.4076241730901092,1.4006103363853304,-0.2861952392996526,-0.3373592655222153,0.7319478176753305,0.7365941812308193,-0.09586877898443047
6004842,-0.4310856913806833,-1.18942020007732,-0.08706603384839001,0.1312165448882344,0.7206679961112538,0.3004912465953903,-0.1486546748829102,0.5854283875506102,0.9917587522143324,0.3249285781946811
1709537,-1.1140521584054157,-0.5498917150468773,-1.5907415166557832,0.6815950497870593,1.0196801178791661,-0.15039320013849175,-0.18049907500840473,0.7123644132143625,0.6008849343516053,0.04534885464456182
2219786,-1.251610275039134,-0.43696334345905447,0.14698668531327386,0.8577401949364698,0.9052448034750464,0.34414315013434854,-0.2715097159008515,0.3584712296933607,0.09332296766795783,-0.055351137636895885
3122352,-1.7545085168784524,-0.1567183500626017,-0.18510226204085004,0.744513299776525,1.0214790863467385,0.26194091705075545,-0.23589901134677504,0.512699289820758,0.6574965952353878,0.172609822638708
4733403,-1.9722856628566459,0.0986880572485923,-0.2676292871210498,0.5951645831591383,1.4513661960583053,0.11217722794094145,-0.33399210985163663,0.7384263813489501,1.00378098059406,0.18378927220938862
5664674,0.33530198514747805,-1.1108309264579181,0.21376282786157366,0.2553627189689938,0.4690465509375267,0.3916362226638356,-0.1415735042101956,0.19530558035615955,0.21979705231747437,0.059079126029105956
1261702,1.0990715704777438,-1.7358036874051954,0.4245939146627826,-0.09098107821176049,0.24798929997774238,0.762634214150892,-0.08213751973709492,0.11935985520676752,0.1521002412625514,0.17141913179202956
2998923,-0.7738506333129298,-1.49335540629979,0.6903552970815274,0.2681799539941313,0.39935549769890455,0.622275048841935,-0.4491295172897501,0.2831496548294254,0.2757819860307229,-0.06972858308498772
3267285,-0.8696667549340691,-0.8582074786975985,-0.502214357384961,0.43024411186606015,1.183400747682818,0.09721218129806647,-0.27681715792637185,0.6454357851068963,0.7123387636974897,-0.10780272092131819
1723345,-0.7440348903084577,-0.7471130668241883,-0.01496964951574937,0.09472640355149749,0.5290498797894523,0.28377674320009233,0.061156439356674364,0.6263641748736384,1.236062920334788,0.2820237512079228
3249240,-1.3088962030072424,-0.5889262624573675,0.07589173082218052,0.2740066946367667,1.091882103837235,0.19452779515730614,-0.1376387828271422,0.6003132799997611,0.730794486708092,0.17521907535507264
3277962,-2.0597906880594024,-0.9367435884814906,-0.6358076045728812,0.8044001697012436,0.9585539389501321,0.23757384756945318,-0.4795692674103663,0.7113511959020236,0.20228936713501386,0.057125963307828195
5377733,-0.3206089225951142,-0.8319584737966271,-0.8068342733132337,0.40040715270499333,1.2873250154889144,-0.1387688151584247,-0.3176675518379093,0.6906279221629585,0.6201570031465437,0.10290647063872431
5282505,-0.6011401032407879,-0.6664223164327875,0.6518615579220235,0.7098526540613482,0.950019182292002,0.5349595350144347,-0.28646745105710303,0.3157159575583775,0.4830365052178327,-0.06984125591176323
1509066,-0.20750482513719232,-0.5108226288987882,0.2664337355741323,0.3691381277150241,0.9294787446233783,0.23881468466333217,-0.22662284241648023,0.5442076027572575,0.6900833457698516,0.03647343122675752
4253806,-1.088580583392482,0.006735678664119607,-0.2755551720509222,0.27125647553050386,0.5315475314423668,0.20690354744723716,-0.26250465911276755,0.6657427274962793,0.024461450460150927,0.12954097893737693
4581293,-0.8212012374492552,-0.9171377487508074,0.10028483458410342,0.6010683014445641,0.7194307974957193,0.6223332940715455,-0.2109349580198036,-0.012990254068157655,0.142174525929062,-0.06763279626487656
5124395,0.3047003388441497,-0.6183303774469885,-1.1773312310107553,0.20568508902088622,0.930820250391334,-0.04231230033817734,-0.11811565999037303,0.6823454067938719,0.8192734206204215,0.21463425863971278
1098105,0.2862256277217303,-0.5329793509176404,0.35800415688350395,0.5627524318776326,0.7981856787250929,0.6602889022146832,-0.13067094210393104,0.5044783794419785,0.9673628308663431,0.129010553859346
2261727,-0.4314840242929811,-0.8785254844096237,-0.658555182767953,0.23611896162806265,1.0646480265642262,-0.02849399358199704,-0.322128778978476,0.7384932948817126,0.4603049841365664,0.21495574861850936
2355087,-0.2565618509913436,-0.5731681734441614,-0.09463553807180164,0.1554788185501554,0.8219161292985742,0.3701325460903764,-0.33972280084598205,0.6607773499780689,0.5218509817165947,0.11170333602347933
2360913,1.2367040474366453,-0.9039906461619817,-0.37532967051642785,-0.1000094517656305,0.33809127577065623,0.31263534302357404,0.03307507041801157,0.18360107352474145,0.24834608195091412,0.1711651585019936
3848188,-1.2356815500125446,-0.6556009412732731,0.2969544938710458,0.5617692202026181,0.9307115817123139,0.1730982014572686,-0.3171826287343929,0.4383653313576008,0.6985852398399275,-0.1306962255607823
1836833,0.8058434251329121,-1.1683576493629764,-1.0676282613815213,0.054516298778077385,0.38137805066887914,0.026700827896359344,-0.13887827795479216,0.11811590744465446,0.09576780525153376,-0.06418997539334767
3276924,-1.7327067435578287,-0.1693095110812447,-1.106826927265307,1.0764384798884166,1.5321077076438419,-0.35777407495060987,-0.18325291782397238,0.5208000429218288,0.7963862220936794,0.30924903285704985
4825178,-1.810110299985254,0.17374136158619674,-0.741386708761424,0.48868585729580294,1.3864590499428564,0.044303970068953896,-0.32908076354147897,0.7262759789780796,0.3215673021699728,-0.022625876713943394
1829707,0.47777191518006656,-0.7914184414090664,0.2477205771655464,-0.05515290536217863,0.4517749104308773,0.3827377411703006,-0.19996735542511612,0.5878854907071712,0.30917834391954147,0.05927526138087636
2534271,-1.3565661549707357,-0.18667292602065697,0.15983847133829007,0.6241770039502029,1.0284746598696675,0.3191519659826836,-0.4280607315431517,0.4587792122835023,0.6110982743946084,0.15983314164218224
4925203,-0.8830992979477389,-1.4423911405770178,-0.2862754283375205,0.2542341889024895,0.8024510074251586,0.09602179314662902,-0.26008324119122217,0.6446550779028034,0.6085135754452033,-0.05879514896617697
5694264,0.08167250284597095,-0.6704922220654191,-0.951606729243493,0.17336861378437085,0.6934300182872856,-0.18361062298427155,-0.2043657491714744,0.5218858229712351,0.6279103741124189,0.1208220060824513
2352515,0.004589637823262158,-0.49290173434109996,-0.7470479650641373,0.2732783508357013,1.123011326054766,0.11616789009744245,-0.20585547207783747,0.743867528930878,0.3565348804329591,0.024152194454784073
4282467,-0.919987531515176,-0.30234641239160776,-0.9195890131560673,0.5177062550041471,1.1384597516991979,-0.10090536869831591,-0.31298464494058775,0.6219280986602765,0.6248635224442887,0.059476367625113324
5812659,-0.37234008529032275,-0.47096442343713096,-1.2890537669133089,0.43140177316281364,1.2629379471128117,0.06576606662996504,-0.30225426919692483,0.8274485026939373,0.6169120500404502,-0.05407749694057042
3346368,-0.7458260667253662,-0.9968112605472286,0.8597113122746299,0.4414193416610027,0.4567600803719474,0.24483650318354638,-0.15798251607592217,0.338479368164402,0.7219204169383321,0.4411641061598415
4022700,-0.7087094421396452,-1.1251938295632404,-0.08076401869456913,0.8046714501491915,0.7264989663426052,0.7444419708513474,-0.3011462625171256,0.1087614782259896,0.5012227398729883,0.07139341095027671
5297041,-1.7055738313596256,-0.1691024044891204,-1.2906648125072475,0.6146254373721013,1.0026914318562707,-0.08801446937054844,-0.23381551591223676,0.6394631593709558,0.14307587475053724,0.1767336407100855
1251723,0.34364331609447424,-0.31753504256400583,-0.8780293105137762,-0.12867436166348337,0.6576203595636304,-0.27935713047298955,0.030999249101101918,0.38891465910649103,0.9127006499525219,0.2640607096389833
4405886,-1.1560677054295225,-0.4352852383593636,-0.3551590565501676,0.6607990291393385,0.57862243719151,0.14912499203620533,-0.28311689166296966,0.42596051597124734,0.440759902139114,0.051549690566354694
4485139,0.6983060001645296,0.13203113052218302,-0.8473097792899089,0.041042191035911085,0.7133872556586436,0.010940407071463215,-0.1488909402272811,0.7350873645382321,0.47408614037569735,-0.01085481412099629
4839899,-0.7298016619785118,-1.4740870145254232,0.7020318557271719,0.7062511685361273,0.5532261968979861,0.779839683649044,-0.39596861557108864,-0.1208434992099578,0.2318141781735848,-0.037158494410160954
1169879,-0.311683777138075,-0.37233513680843183,-1.0185721536663461,0.6191836217134452,1.2425957678834714,-0.2551710947664278,-0.21617322143640766,0.5646416374401252,0.811756015079346,0.17765547179435445
2090712,-1.2383933565580276,0.008798063127502271,-0.44431238260076383,0.43045302730685336,1.0441891916593737,0.03422440368150055,-0.43521632950695854,0.6293794998679657,0.5453937345993338,0.10466891305466376
3105379,0.5024001368274503,-0.15040225392474066,0.2056066983471195,0.0594283883544579,0.1551977059240367,0.5886545813386642,-0.29582457061588213,0.2351885019181302,0.24074225572509855,0.185533885418783
3253002,0.5922769615040553,-0.7352420301082845,-1.354910195013086,-0.16869804371280198,0.7111971888030453,-0.051006007862838695,-0.23224195195305244,0.19499032519404383,1.0017609063048862,0.26062480468550164
2022252,-0.6851776313782784,-0.049320115201260215,-2.1090607352237463,0.18063284733179683,0.5618833948287081,-0.24091586547906413,-0.41367280502554626,0.9382684845476988,0.37770608335680883,0.1802198559788597
2417386,-0.9727311653038966,-0.4904087412315608,-0.11537254291037226,-0.027278710827889796,0.38734358560980375,0.5228721858281484,-0.3110070572671613,0.2631088562783275,0.15238251853632226,0.026906805976770597
2317630,0.1647873398996009,-0.684446840888159,0.6416337901973214,0.029563947250558952,0.36565476120009666,0.42288626247961986,-0.3116158103860208,-0.035258359933592644,0.6636126354901991,0.13483224945394748
3597962,-0.653175231782991,-0.9186305895792494,0.25869328655850277,0.12234072855268013,0.6833630490296938,0.2969437858850201,-0.16258491647555895,0.32294581098296943,0.42669581249256616,0.29065433326172646
5566843,-0.09523040825170936,-0.2353422012195676,-1.6416558091700792,0.25308919414353315,1.7942187917999677,-0.27277001088760433,-0.20926544900272945,0.13995564142669195,0.4569686184562363,0.21894499377655186
5674795,0.8206723032142624,-0.7836574064982831,-1.0148179575951521,-0.18502925866336,0.7224317128176772,-0.3251060938020923,-0.08470166010266274,0.0173491272156089,0.00031263147175278593,0.4607600856226447
1564689,0.07197422512416464,0.11397926231250366,-0.9601314718035775,-0.05307913550284094,1.0446109000320603,-0.2598210551642206,-0.09500732352033751,0.6470403892131699,1.2963826356139152,0.18329448266558618
4349935,-0.5736921019657107,-0.8064293929309224,0.8200874763086154,0.6403631777710795,0.6913172521275237,0.5155730382045732,-0.2824898523293041,0.23154018200411064,0.259242937062512,0.031940116054361464
4954109,-1.8565619212822435,-0.4989708537930062,-0.02140459489333447,1.0819231298967908,1.448478714678991,0.04238216686990459,-0.1472569241297352,0.6322509771973711,1.065873252541583,0.27197917220367906
3012467,-0.024130140307420975,-0.7673103434377304,0.02568776535858058,-0.12538734755837858,0.0455788266601545,0.35384188299480795,-0.20124229518428383,0.5025619567031276,-0.06142858386031581,0.1670278045706687
4076791,-1.2809461902079506,-0.13741307345414258,-2.1779075873364873,0.6443786562174256,1.4698011425027957,-0.19013272986942148,-0.40036475292642065,1.1264660278813619,0.8515984697259321,-0.044278364695669696
4563481,0.16656753543705088,-0.5749123101157226,0.17012099015634488,0.06636376995362475,0.462197771118006,0.4502693606817484,-0.19934049957138508,0.3549677142682062,0.7386720287549302,0.03137987117638018
4764092,-1.6721537852993704,-0.1211834251430716,0.13321658128290842,0.6673863435022775,1.1472059294635035,0.03523408211152241,-0.2709458892552701,0.6663754823251157,0.5103729720073534,-0.04379698171061875
1175066,-1.4992140975460313,-0.21147718719837358,-1.570889276182308,-0.12614785827534694,1.2370671952568377,-0.43770278758539355,-0.3039740406150445,0.613509289228585,0.21920320274447103,0.14515815912192268
1248314,-1.5443234896597466,-0.6832187216362561,-0.21817910655009604,0.6109621638333573,0.8621572912396823,0.2349326813552919,-0.16986999223120097,0.6283019520461045,0.7437652450548906,0.15850391917047466
3027307,0.5675882503821167,-0.3750102589207534,-0.19843991885441936,0.18426642676450086,0.4579361061593274,0.589569630202588,-0.08291974565966977,0.41627756397233545,0.5959354337794571,0.18347219500556236
3591663,-0.6042422241008878,-0.5235480353687597,-1.0726676238648265,0.06966095998082529,0.8945498295427383,-0.2344570608525542,-0.45751938059006325,0.6428261315600426,-0.1678127395777342,0.0494268194960314
4663852,-0.3137736354805567,-0.9272729383938195,0.27291192912172835,0.48692190352724046,0.7902910551063516,0.7461182001662681,-0.41595906766184565,0.28032047189032283,0.5247553237112575,-0.050682844167186346
4934728,-1.431882916787834,-0.7546352449405258,-0.44791484514071717,1.0127189843280595,0.6304580563409571,0.5549772950713443,-0.7377591664572353,-0.028788355092308857,0.19620954837179355,-0.5479774342969077
1106276,-0.03653441489272104,-0.32621085657943,-0.6892561691278004,-0.13946209190770512,0.48737386292003493,-0.24644035016842467,-0.25454237452222384,0.5385654701289688,0.4181752550240712,0.19298272866433328
2549387,0.12603416718463134,-1.0218827814825118,0.3874719126651185,0.2200378180045031,0.2724922019328727,0.6179340666563052,-0.2608789307524833,0.09343336136221023,0.31476067826799464,-0.01581420103585207
5586787,0.27712453668750925,-0.35172647577471794,0.634937465298378,0.7600106319549281,0.9018824007329891,0.12155242416025852,-0.07374025916704122,0.4762416447724446,0.7029621431142188,0.15601396322121402
1969949,-1.504900123985437,-0.3628822206233785,0.354815753351581,0.8630619734003642,0.903231431562423,0.4960666216168943,-0.4573162609709908,0.5972271961609187,0.3786781291229432,0.16867580498164594
2316707,-0.6471590232238551,-0.00935707925377316,0.012563596575558543,0.19109101525572403,0.4400088941675015,0.1771918329837669,-0.30811623804086197,0.42811552000509456,0.05525348773107643,0.038663442728631224
5373698,-1.9777348267896824,-0.8018064972241971,-0.08855869194010038,0.6745651387461451,0.7925550938659378,0.3273156320156779,-0.37326582379861717,0.23111256771169142,0.33643632542797236,-0.09203998061254
5718996,-0.524786804624353,-0.7110516182698694,-0.21270152541655604,0.3538250119286299,0.8208684166472531,0.407482006049887,-0.19848809200390538,0.2633285832585511,0.16679683914679422,-0.00926544133981368
4108290,-1.1464470961231632,-0.7450675013826651,-0.6001056055713231,0.801325798468605,1.3069538368327043,-0.17698200077809462,-0.1499814177329265,0.47327471191241327,0.7305980126773244,0.1596250393336762
5984215,-0.004473428483978859,-0.5680692290664934,-1.1123215729663427,0.04240235003974958,0.8188031778623855,-0.042713775170704696,-0.10880704826362735,0.7527253910234276,0.8399317986127812,0.27828857236645776
1157490,-1.4536314100745702,-0.9301975873113912,-0.23116511678926832,0.2512593047880478,0.5116788074857784,0.6548779692411645,-0.22722980917204666,0.07762535669440435,0.03400886473859503,-0.11566787272085788
1396039,-0.8569634792484775,0.5287168470080278,-1.4500200987621945,0.04644398389434806,0.6467456188632787,-0.49078943562899724,-0.22854374601126412,0.8902168922947495,0.6186128495160927,-0.019444160726454423
1799794,-0.08425680145298067,-0.4009838096961939,-1.1130174406154407,0.5185796841733521,0.9261933656922912,-0.23178939646501395,-0.3816431267515462,0.7679392422118504,0.5712974996485483,0.2662379108340382
2755991,-1.4709358562826913,0.053470976509814805,-0.528407709693416,0.5197541758227257,0.8166016367884736,0.44869140702745514,-0.27345272487001276,0.6897983637605126,0.6472773565921023,0.20178157411319128
5046093,-1.2346302205063817,-0.47911567440318975,0.10654207803743342,0.7024776911573405,0.7471644539391481,0.2842609126046047,-0.19488444264714996,0.6939379330541021,0.5817785585532367,0.1860464034403859
1200631,-1.0031038515732011,-0.06940796795136961,-1.1162202934581011,0.6577243698946256,1.8672950204268133,-0.33926084687207675,-0.2371616239882462,0.8487043429228622,1.038683395502592,0.19884820025125655
2625537,-1.053370663215378,-0.2764220214947369,-0.708764254122474,0.49500779435657744,0.8230548489661794,0.30008896729873313,-0.39765339819772727,0.756570174651956,0.8121548968148606,0.025547209823648782
1134659,0.18433710235396727,-0.9283143343446072,-0.6023267913488518,0.3456064773673841,0.6425944259247212,0.4418953307880072,-0.2397691582634043,-0.047231194097932756,-0.002294216867564017,0.004956195840343762
1010484,-0.4881960827359378,-0.8048076035654147,-0.2334702188195946,0.47848217038033863,0.8641151742724834,0.19079278813175587,-0.12641830660552525,0.4924213328652856,0.698139281071751,-0.0036915874134505152
1389207,-1.3199641666165545,-0.3036337609082555,-1.7043013782162104,0.26132402294328655,0.829860899924383,-0.4511477780027519,-0.6130181344945694,0.7954296861761029,0.6566911142939396,0.061932219944877916
3267167,-1.7327541036319185,0.12450544134067477,-1.5677474737103716,0.2864089558825605,1.3730292234858614,0.026658405749520737,-0.5148747353430185,0.7766106857423354,0.6711771970929911,0.06396269151382063
4913429,-0.12471034719180368,-0.2448678837815552,0.052317581299119634,-0.17634549004879188,0.21871741859226726,0.2639243555842456,-0.254783908552307,0.31369276725178524,0.4075808334396774,0.08409239930589962
5392778,0.471211836977124,-1.2647404126271689,0.16259722553018321,0.14129861420992143,0.4095871152834534,0.8720084951704613,-0.24742774601999243,-0.04173081985244371,0.16896416565456562,-0.01597892115167252
3024918,-1.6778112620668462,0.15010714881880396,-0.9683851020183263,0.41102280056102763,1.1919498355613427,0.22397430274569488,-0.4050432829413718,0.6961210589112787,0.5149054787483823,0.11000486991918926
5022853,-0.2440816334786723,-0.45087477594060404,0.2774420941622747,0.0010595761268069456,0.4869771700563887,0.1711449299634593,-0.39457791644574397,0.7715864330488218,0.4330797272097265,-0.11221937670037226
5027405,0.617113841332698,-0.44216698136332705,-1.3989304439372474,-0.4523013894289968,0.2944437377648917,-0.046583964170540317,-0.22030245773208054,0.4690128051560533,0.40097773198070513,0.10569452475354471
1612664,-1.1196596064028193,0.4865508046787301,-2.1058520545019084,0.3724704703629352,1.5325821678193707,-0.2839343516134122,-0.470043692193689,0.8653461168153783,0.6394715162827368,0.12284985065303138
4984994,-0.7671702796864328,-1.4357174034413545,0.6742351478792946,0.23632297841421435,0.3568638829683201,0.5507193932650919,-0.049809484680171226,0.33664711577320866,0.703438482789304,0.30908215291532776
5050909,-0.3404352163760611,-0.6066648774367882,0.5193371522825072,0.5610376858234304,0.9532731212203299,0.3215811395962982,-0.26118501339163036,0.4348283156106739,0.5225777463131575,0.01717264745812953
3845787,-1.1420337977222499,0.4574070364451314,-2.0030674673194393,0.34418697685672633,1.0455709748754156,-0.6206755738703941,-0.35787839284078204,0.8550920066020369,0.8559533623950267,0.1866520792112045
5853083,-0.3338978632063726,-0.5123198075790767,-0.0381235723447717,0.21331374837967643,1.253726737223482,0.20067641603272438,-0.23320920897280137,0.6948781895628244,0.24684432872491788,-0.007717604471611634
3530000,-1.3322326361976478,-0.38502356790324316,-0.38804798883899333,0.6909028018998835,1.6057484578773493,-0.4409064557806728,-0.20054412154215565,0.7088602820011386,0.4869450811675442,0.19405936865943652
3799361,-0.4749613035295838,-0.034468113605420674,-0.9560473621606658,0.1535168048826042,0.5791619198126878,-0.1493617881833655,-0.22676061936379172,0.7757187741264179,0.5235792381760652,0.058607142224340866
1506644,-1.1158199242189197,-0.1392862084215759,-0.8439722369302722,0.16043212600417134,1.124580609448182,-0.020607811107314425,-0.36894271409952833,0.7319668330337405,0.5191024724883841,0.0820143706197684
1658623,0.3476351157060589,-0.8552711561081374,0.40620325071474883,0.25288331968926425,0.05724863965720044,0.510845775953449,-0.11822556924537235,0.30867752257166253,0.7296808094768056,0.08336603047173427
4404862,-0.9798360773619816,-0.6772396272495168,0.5927606137518086,0.8450343262876936,1.0791355316304878,0.043660148905595594,-0.07735377391939,0.6130162036380982,0.7218794152085013,0.12726196161850484
5040212,-0.36353602970120896,-0.42800265112782104,-0.25242273399408194,0.1197860098369794,0.8276299266442162,-0.08876468846418743,-0.04651781911433741,0.25548593194943475,0.9560840886385995,0.23742181424276965
5898594,0.5729212349111864,-1.3791137683063732,0.18856176851077977,0.2077766239957109,0.31578341835754886,0.8975450533099608,-0.29877055490831206,-0.11448357708995274,0.13450118555508467,0.021454563916531465
1476754,-0.39485331111032135,-0.8831300603441611,-0.31705386315396195,0.37541579035577344,0.9325392712941531,-0.2722614907406371,-0.07007300292201157,0.6461523403490611,0.9017502254865937,0.16264208142650627
2382189,-1.535885499485579,-0.1661375704273481,-0.37788524754362585,0.6476687268801682,1.2193713492053997,0.1708809642760595,-0.3174354578056815,0.43067932658005703,-0.1546167066506148,0.04597629027534564
4052608,-0.0014987597306771972,-0.5936469882832381,-0.13505989465749843,0.2219442176127689,0.927483104746197,0.4547068041881806,-0.21970699257358203,0.5351440212706965,0.3249636970664186,-0.0883794018919248
2531003,-0.8695297457510834,-0.21984045108387268,-1.3944819497020338,0.511930781897131,1.5144630996558164,-0.12625070930636154,-0.3157665758593237,0.755294622384554,0.7954367066916097,0.16839604126075394
3246642,0.7312769890936804,-1.3064105324681576,0.3297431120583557,-0.06534398968883263,0.27388256245309756,0.580433592869458,-0.13535319810444196,-0.07401904847623789,0.293344643123667,0.14590879842867918
4218343,-0.6198061067846287,-0.6805508133317505,-1.3584353958818607,0.009416506749970799,0.804399297599111,-0.27293736155922993,-0.3548334841543072,0.6775923718842902,0.5370607102416409,0.21771995079694795
4252689,-0.7215957933174516,-0.4352654123502412,0.16707097903145177,0.39961256248794436,0.5200871783633794,0.19967471689731917,-0.34654501497067175,0.6300453079112022,0.3915048312981718,0.13744648226213535
4371891,-1.6087838935513217,-0.0791951914777143,-0.8134262244671335,0.6208423587581429,1.7040426781657898,-0.4483878907521437,-0.21055050479301252,0.7528766205302585,0.9424539967548878,0.12120481835642731
5556944,-1.826560146632207,-0.04860544871724377,-0.06807323703160206,0.4437399393551823,1.4780583983086704,0.272012128277713,-0.3765703916812074,0.7711330403451542,0.41310631615316695,0.0363766980426313
2349425,-0.01850196011293873,-0.791364053670372,-0.44982567103253257,0.15282987378519095,0.8545107974185877,0.15187553990129563,-0.2838124386967997,0.525307733655429,0.5688629250602293,-0.01295397668715749
3800190,-1.3668462436456659,-0.22121364227082188,-1.4869097579380914,0.33301472852739683,0.782964026109463,-0.24233977309475765,-0.22411364429491976,0.8637823193856163,0.26114210502000595,-0.1499712199687335
1146933,-2.629573068404055,-0.3226794052638038,-0.2559872290266465,0.6360087193756946,1.1270473239995114,-0.07038890581481563,-0.14114642287873988,0.6767619410790627,0.3206327716440551,-0.07139914478361348
3070779,-0.16531641804489902,-0.5067744783820068,-1.0531314593328276,0.2768731217876115,0.9153776945750015,-0.03701128013787428,-0.32169874877923393,0.7322886526648139,0.8005270160291927,0.15132027634975528
4142496,-0.5339785508690175,-0.5761597497693312,-2.256669725553312,0.26404260807034724,0.9528700431137198,-0.06080635874206759,-0.3267927163423773,0.7797454471567173,0.3752902149333199,0.021993089376608037
4877153,-1.4755266669020375,-0.15415984021171694,-2.5505494894921434,0.3082617033726766,1.206131952107118,-0.3359949968585002,-0.17276439158444018,0.7027435782503662,-0.05208960625965374,0.26377420882588437
3630991,0.3560491548893795,-0.47838194825930214,0.1822439412642539,0.22279194602497004,0.1341208567296178,0.18173875659661845,-0.24938112450027808,0.5934944216479182,0.6743372285994339,0.13131904914364262
4099684,-0.5630024340129823,-0.08740334462014498,-1.3867023710504944,0.5228608772839313,1.4302201454725803,-0.07162874139688578,-0.14893462689552955,0.6569058719704693,1.1000044546150387,0.06528295063433348
4779692,-0.25303471956888596,-0.9878029600722565,0.1264698095317885,0.2936694525296084,0.7477183900211218,0.23568360367140126,-0.21243054942003994,0.3560121868783624,0.4901257401318165,-0.027536444777855214
1627348,0.0759519291596206,-0.3710124318155254,-0.5179088607296688,0.485462837699796,0.5316266467323512,-0.04470142407217841,-0.1504893146939547,0.7411624167687603,0.7899949146454669,0.23760117177549062
4399304,-1.3921307132816416,0.7437794551832589,-1.1640976698249461,0.43919661086953016,1.3953509187970885,-0.7612801966127453,-0.3071354867789622,0.7568528923413871,1.2082359558216167,0.11226734749521787
5098356,-0.3057997525855178,-0.3260806659078665,-1.0903474050264492,-0.08844335151896489,0.8143477868727376,0.006028313850603626,-0.16003433562094457,0.7499749489660515,0.7450194933446156,0.14053236053220036
1096256,0.3044914118874407,-0.6023875307537114,-0.12731746968763658,0.14918495437103194,0.46285079459362627,0.294190808294505,-0.22247811725848848,0.22044501527693583,0.3362894630827303,0.02714604415402403
5604632,-0.44352388615108274,-0.9211909190204506,0.18125446999142783,0.5229944552302994,0.8044294141085327,0.4352268276349159,-0.3982096710371172,0.27430865886547956,0.45055222042098925,-0.03866687081278429
1172729,-1.2950935685196352,-0.9697906298055606,0.9946561014040933,0.6731713101153272,0.44187289836004473,0.28055172527587097,-0.08128552425207003,0.13525667783961667,0.6457577031857349,0.15901912722467515
1227693,-2.2504365335157184,-0.4086140778953249,-0.866901654088628,0.5195844334502846,1.0257564190377702,0.13639659478440372,-0.31165143358696157,0.5985546579068814,0.018828285563114083,0.036295558411526915
2200160,-1.5637592757504692,-0.3246975841913611,-0.8897145951547994,0.5269074117272879,0.3801985618830709,0.06663443936050689,-0.1899600693893592,0.3924609754745885,0.3596706396495917,-0.005552710890092663
4745407,0.9902774942081243,-0.765771058471466,-0.8814424034923184,0.10518444330472654,0.4014406261819579,0.32920111652439665,-0.11855174068227273,0.6256403801203458,0.7520537712348455,0.06138597794053972
2784123,0.7235545040233176,-0.7694897272410868,0.38718366806198795,-0.03977493678007242,0.2920326957225552,0.6692522328143157,-0.17500692492204867,0.2250842961662165,0.21325375320464343,-0.14980022723660405
4748023,-0.3041648364053599,-0.3805939389321233,-1.5452046186614845,0.16026991343770985,0.9100021231025228,0.0036356857341998295,-0.19944682189774415,0.7754874912675161,0.6412584093235628,0.10398767686700049
5616799,-1.3231319984800516,-1.0494311190612235,0.29445330021532073,0.5477441383167507,1.0509720279534631,0.45558179934196924,-0.16243707337828733,0.298284318568772,0.3008102201128515,0.060629587086506585
3146058,-0.2827868648609308,-0.9476881440532506,-0.4983308560866155,0.19962431677244635,0.7919805063882627,0.16605275347743317,-0.26221369410207424,0.6841114109088099,0.41776406000019944,-0.02772467448234743
4437348,0.5342842643223061,-0.6127705460009519,-0.6857081326753833,-0.006405430130072315,0.49608882306921864,0.019739148899828075,-0.23583077535876013,0.802701344634697,0.5018867778201876,0.005140888794806551
4502995,0.05782381131327031,-0.23424732992170666,-0.6476819589693927,0.11927393275834028,0.7013405222879399,-0.039171169377372014,-0.3117915240669869,0.631418484660959,0.3796570650212437,0.11138341833781994
5260941,0.00027381124881522114,-0.6069336850814355,-0.9240251461397329,0.35167769039090063,1.2018204748789094,0.13318561419451724,-0.11487510893354344,0.47402328734765775,0.4747729153806823,0.04981516346548767
5751205,0.29120777538277937,-0.9802331386583398,-0.5355086593262323,0.17349346974168448,0.7117449243998509,-0.13256119394676308,-0.2915608880585195,0.6143789602341263,0.3114802987265471,0.030131891290976657
2984185,-1.065501748565621,-0.09672536842669698,0.1540284871333846,0.06614706549321919,0.7548099062891632,0.016017020668554646,-0.02595414460317906,0.4333335403619634,1.1211074090135356,0.1771764957171393
3018391,0.00066230097963168,-1.03168371653965,-0.6327052981152158,-0.12104127144101473,0.619002204008249,0.12910688955978103,-0.2149605868081425,0.43122718935862525,0.4441506461353747,0.20956176858928066
4587370,-0.3329562566260037,-0.9783675300215742,-0.6697573933945075,0.30182377430010426,0.7227818235214425,-0.1356086970925391,-0.2675199859231505,0.6726833753736912,0.5750960340967537,0.18558016241969869
4793021,-1.3292114039268927,0.2537549755000249,-0.10749722372450361,0.4140658071592118,0.632436334185787,-0.10954196138275013,-0.2331123633373097,0.611287089740272,0.6465952918623437,-0.04036635377696691
5767475,0.24961293912130608,0.1132912933630518,-0.23375382833209396,0.4650042566500403,0.4994218475867283,-0.1953494317805922,-0.05352554289956846,0.34012644301961326,0.574322204781824,0.18585408506520415
2059726,0.01779709296852183,0.0872872476294229,-1.6922910020237714,0.023944368150212794,0.667378344972388,-0.18175090715721084,-0.24808900085658178,0.7076017247159037,0.8253898355525733,0.22951156473435674
3395277,-0.4211018147320358,-0.6990484821587684,-0.25659865797199594,0.27088406405443843,0.4190199779405615,0.5494217722606861,-0.2450984032093895,0.08027837700763009,0.6481333597080008,0.04477065217973646
4657459,0.8992242292678744,-0.1674270760326785,-0.9294264700803733,0.15435199195430932,0.9761135837260876,-0.13528142357659215,-0.24888819758693487,0.4998463519553942,0.24970454975150255,-0.0794403882301701
1527553,-0.888695625533904,-0.7524254952454325,-1.180832844368252,0.36215493899353607,1.0827534476107388,-0.14332019865764656,-0.26075650946523893,0.5839567585056888,0.6350851220227473,0.015882197055151318
1700617,-0.8425917833224436,-0.04821500157825283,-0.6064365691847933,0.25718541726075156,0.9883798184748461,0.045481841009957516,-0.3560366009875919,0.47337602305114973,0.07926062465852295,0.13229325395585376
2837341,0.06519040671050054,-0.5615828856788554,-0.5173839195855168,0.15411038673343685,0.4765206418572649,0.0005914285170523289,-0.16755253865860312,0.26575984047388185,0.3816931955438867,-0.042619864733289964
2957441,-1.697320206199989,-0.6951776933381364,-0.7567634884970097,0.10125126124201048,0.7440384194720006,0.039118681114767,-0.2199204789659643,0.8344329940926567,0.5139126512940903,-0.039925614330386765
5871397,-1.903510059999481,-1.475214906488098,0.1275284493043959,0.346651449117421,0.5425581257749841,0.7191245034558822,-0.3094901038623768,0.19553857343461878,0.03943098062569432,-0.11640909266616421
1371312,-0.45849713113171914,-0.7515265760365011,-0.8375734005818548,0.22258123704535923,0.8856218063603076,0.13704740511101535,-0.2314903058806129,0.5625223092031423,0.5244023886362248,-0.1081150933736945
1961357,-0.8978108488764347,-0.2853365963942076,-1.1129336988427725,0.431947132459653,1.0568697669793488,-0.4622434922466858,-0.2784617463676958,0.5502579017720056,0.7626637957231185,0.17892150771053877
3171283,0.15207348903698414,-0.28640591984267033,-0.06408949195143081,0.15421552781728798,0.5227347296089765,0.32914794485322224,-0.15241411849225853,0.6480524722472636,0.3231561592613734,-0.08923074758851453
4455332,-2.42774196777708,-0.17336014442775707,-0.7263880980741355,0.668038556197239,1.3859019636622678,-0.043901223402689496,-0.10763985411365389,0.8150842447203185,0.5077885234226329,-0.10181342280570747
4586685,-0.5976866090607156,-0.17638376163655284,-1.760301254455189,0.31580008652279773,1.6031490857299466,0.08946811709454688,-0.3795245355062601,0.7834423476786196,0.8980150421263334,0.19757306651851655
5798936,-0.8813431226926408,-0.3975644043912289,-0.8862943443397541,0.710765878273794,1.0763407565890277,0.05478440540920205,-0.17912032253345866,0.5298182980377752,0.467993137683907,0.10719104056346523
